# Blender 5.0.0
# www.blender.org
mtllib buho.mtl
o Cuerpo.002
v -0.068412 -0.051816 -8.814324
v -0.005722 0.025596 -8.814324
v -0.068412 -0.051816 -8.915668
v -0.005722 0.025596 -8.915668
v 0.067765 -0.101164 -8.826992
v 0.086572 -0.046042 -8.826992
v 0.067765 -0.101164 -8.903000
v 0.086572 -0.046042 -8.903000
v -0.144695 0.229681 -8.939146
v -0.144694 0.229681 -8.803011
v -0.039013 0.241749 -8.800273
v -0.039013 0.241749 -8.936408
v -0.326840 0.635620 -9.117632
v -0.283120 0.598103 -8.744358
v -0.066698 0.593303 -8.753903
v -0.073620 0.665303 -9.117632
v -0.387174 0.891100 -9.117632
v -0.314957 0.856258 -8.781336
v -0.073620 0.861417 -8.789553
v -0.013285 0.861417 -9.117632
v -0.375292 1.289218 -9.117632
v -0.314957 1.265874 -8.831008
v -0.070486 1.271033 -8.828908
v 0.005517 1.289218 -9.117632
v -0.375292 1.764712 -9.117632
v -0.331851 1.709542 -8.734507
v -0.045444 1.709542 -8.734507
v 0.080728 1.764712 -9.117632
v -0.375292 2.061176 -9.117632
v -0.331851 2.191370 -8.719863
v -0.045444 2.191370 -8.719863
v 0.080728 2.061176 -9.117632
v -0.314957 1.786314 -8.365088
v -0.073620 1.786314 -8.365088
v -0.314957 2.089722 -8.294625
v -0.073620 2.089722 -8.294625
v -0.334208 1.825546 -7.817835
v -0.054369 1.825546 -7.817835
v -0.334208 2.050781 -7.801164
v -0.054369 2.050781 -7.801164
v -0.411210 1.783430 -7.608307
v 0.022633 1.783430 -7.608307
v -0.411210 2.098321 -7.608307
v 0.022633 2.098321 -7.608307
v -0.371417 1.812312 -7.416266
v -0.017160 1.812312 -7.416266
v -0.371417 2.069439 -7.416266
v -0.017160 2.069439 -7.416266
v -0.375292 2.248142 -9.117632
v -0.314957 2.279645 -8.934216
v -0.070486 2.279645 -8.934216
v 0.005517 2.248142 -9.117632
v -0.397212 2.352328 -9.117632
v -0.325894 2.359817 -8.955927
v -0.056662 2.358877 -8.957679
v 0.009920 2.352328 -9.117632
v -0.506815 2.475861 -9.117632
v -0.384035 2.567537 -8.898946
v 0.057609 2.540902 -8.896067
v 0.125947 2.475861 -9.117632
v -0.418460 2.997484 -9.117632
v -0.331974 2.963381 -8.914281
v -0.041580 2.998662 -8.933651
v -0.023686 3.047217 -9.117632
v 0.317417 2.723136 -9.117632
v 0.073778 2.719171 -8.852047
v -0.155419 2.568202 -8.853344
v -0.170131 2.997770 -8.912399
v -0.376621 2.803913 -8.886475
v 0.040733 2.865857 -8.872330
v 0.107456 2.895111 -9.117632
v 0.154767 2.720426 -9.016151
v 0.136050 2.691446 -8.920615
v 0.081451 2.856928 -9.001020
v 0.075278 2.847949 -8.919109
v 0.103218 2.777037 -8.966866
v 0.104238 2.773371 -8.946270
v 0.085098 2.810264 -8.966866
v 0.085827 2.807584 -8.946270
v -0.376100 0.646103 -8.969014
v -0.387174 0.804669 -8.993197
v -0.214762 3.085769 -9.117632
v -0.401561 3.010114 -8.982059
v -0.068412 -0.051816 -9.420939
v -0.005722 0.025596 -9.420939
v -0.068412 -0.051816 -9.319595
v -0.005722 0.025596 -9.319595
v 0.067765 -0.101164 -9.408272
v 0.086572 -0.046042 -9.408272
v 0.067765 -0.101164 -9.332264
v 0.086572 -0.046042 -9.332264
v -0.144695 0.229681 -9.296118
v -0.144694 0.229681 -9.432253
v -0.039013 0.241749 -9.434991
v -0.039013 0.241749 -9.298856
v -0.283120 0.598103 -9.490906
v -0.066698 0.593303 -9.481360
v -0.314957 0.856258 -9.453928
v -0.073620 0.861417 -9.445711
v -0.314957 1.265874 -9.404256
v -0.070486 1.271033 -9.406356
v -0.331851 1.709542 -9.500757
v -0.045444 1.709542 -9.500757
v -0.331851 2.191370 -9.515401
v -0.045444 2.191370 -9.515401
v -0.314957 1.786315 -9.870176
v -0.073620 1.786314 -9.870176
v -0.314957 2.089722 -9.940639
v -0.073620 2.089722 -9.940639
v -0.334208 1.825546 -10.417429
v -0.054369 1.825546 -10.417429
v -0.334208 2.050781 -10.434100
v -0.054369 2.050781 -10.434100
v -0.411210 1.783430 -10.626957
v 0.022633 1.783430 -10.626957
v -0.411210 2.098321 -10.626957
v 0.022633 2.098321 -10.626957
v -0.371417 1.812312 -10.818997
v -0.017160 1.812312 -10.818997
v -0.371417 2.069439 -10.818997
v -0.017160 2.069439 -10.818997
v -0.314957 2.279645 -9.301047
v -0.070486 2.279645 -9.301047
v -0.325894 2.359817 -9.279337
v -0.056662 2.358877 -9.277585
v -0.384035 2.567538 -9.336318
v 0.057609 2.540902 -9.339197
v -0.331974 2.963381 -9.320983
v -0.041580 2.998662 -9.301613
v 0.073778 2.719171 -9.383217
v -0.155419 2.568202 -9.381920
v -0.170131 2.997770 -9.322865
v -0.376621 2.803913 -9.348789
v 0.040733 2.865857 -9.362934
v 0.154767 2.720426 -9.219112
v 0.136050 2.691446 -9.314649
v 0.081451 2.856928 -9.234243
v 0.075278 2.847949 -9.316154
v 0.103218 2.777037 -9.268397
v 0.104238 2.773371 -9.288994
v 0.085098 2.810264 -9.268397
v 0.085827 2.807584 -9.288994
v -0.376100 0.646103 -9.266250
v -0.387174 0.804669 -9.242066
v -0.401561 3.010114 -9.253204
v -0.080166 -0.066330 -8.864996
v -0.037067 -0.013110 -8.795322
v 0.006032 0.040110 -8.864996
v -0.037067 -0.013110 -8.934670
v 0.006831 -0.098317 -8.913498
v 0.045359 -0.022051 -8.913498
v 0.087897 -0.075311 -8.911328
v 0.078363 -0.107845 -8.864996
v 0.097431 -0.042777 -8.864996
v 0.087897 -0.075311 -8.818664
v 0.006831 -0.098317 -8.816494
v 0.045359 -0.022051 -8.816494
v -0.167451 0.232518 -8.874501
v -0.090816 0.233915 -8.775090
v -0.019717 0.244912 -8.868340
v -0.090816 0.233915 -8.962276
v -0.029661 0.109920 -8.812568
v -0.107128 0.060782 -8.812910
v -0.029661 0.109920 -8.918261
v -0.107128 0.060782 -8.918603
v -0.339993 0.613103 -8.858121
v -0.173871 0.593903 -8.702567
v -0.025814 0.599303 -8.897359
v -0.195774 0.639330 -9.117632
v -0.217368 0.427789 -8.777197
v -0.221893 0.431279 -8.996462
v -0.053721 0.425979 -8.986995
v -0.052856 0.419098 -8.773401
v -0.369235 0.840137 -8.892808
v -0.194289 0.860772 -8.739314
v -0.020827 0.861417 -8.928987
v -0.194269 0.863891 -9.117632
v -0.331868 0.732110 -9.117632
v -0.020827 0.734341 -9.117632
v -0.072755 0.725341 -8.762571
v -0.310978 0.725296 -8.747638
v -0.367750 1.267798 -8.956079
v -0.193897 1.267660 -8.785862
v -0.011034 1.278761 -8.951615
v -0.184887 1.289217 -9.117632
v -0.010935 1.053231 -9.117632
v -0.073228 1.050958 -8.817400
v -0.314957 1.039350 -8.820251
v -0.376777 1.056941 -9.117632
v -0.370817 1.739287 -8.921805
v -0.193215 1.634317 -8.695679
v 0.030712 1.739287 -8.921805
v -0.147282 1.764712 -9.117632
v -0.375292 1.539562 -9.117632
v 0.043123 1.539562 -9.117632
v -0.062902 1.487626 -8.808237
v -0.316767 1.486981 -8.808500
v -0.370817 2.125878 -8.923107
v -0.193215 2.253845 -8.674001
v 0.030712 2.125878 -8.923107
v -0.147282 2.061176 -9.117632
v -0.005203 1.966194 -8.717553
v -0.366342 1.966194 -8.717553
v 0.094830 1.933893 -9.117632
v -0.375292 1.933893 -9.117632
v -0.194289 1.729426 -8.378300
v -0.194289 2.146611 -8.281414
v -0.028369 1.938019 -8.329857
v -0.360208 1.938019 -8.329857
v -0.070541 1.770465 -8.567919
v -0.316767 1.770465 -8.567919
v -0.070541 2.137872 -8.510979
v -0.316767 2.137872 -8.510979
v -0.194289 1.783315 -7.820961
v -0.194288 2.093012 -7.798038
v -0.001900 1.938163 -7.809500
v -0.386677 1.938163 -7.809500
v -0.317364 1.810462 -8.078274
v -0.317364 2.057693 -8.029871
v -0.071213 2.057693 -8.029871
v -0.071213 1.810462 -8.078274
v -0.194289 1.724388 -7.608307
v -0.194289 2.157363 -7.608307
v 0.103978 1.940876 -7.608307
v -0.492555 1.940875 -7.608307
v -0.372709 2.071420 -7.684220
v -0.015868 2.071420 -7.684221
v -0.015868 1.809653 -7.686305
v -0.372709 1.809653 -7.686305
v -0.194289 1.784139 -7.399009
v -0.194289 2.097612 -7.399009
v 0.021655 1.940875 -7.399009
v -0.410232 1.940875 -7.399009
v -0.417940 1.778545 -7.499456
v -0.417940 2.103206 -7.499456
v 0.029363 2.103206 -7.499456
v 0.029363 1.778545 -7.499456
v -0.367750 2.266256 -9.012168
v -0.193897 2.284371 -8.906704
v -0.011034 2.266256 -9.012168
v -0.184887 2.248142 -9.117632
v 0.043123 2.166466 -9.117632
v -0.062902 2.259345 -8.853693
v -0.316767 2.259345 -8.853693
v -0.375292 2.166466 -9.117632
v -0.387465 2.356325 -9.025434
v -0.188346 2.361502 -8.930124
v 0.000788 2.355502 -9.026966
v -0.193646 2.352328 -9.117632
v -0.008034 2.304162 -9.117632
v -0.071108 2.308918 -8.964602
v -0.316324 2.309036 -8.964382
v -0.378032 2.304162 -9.117632
v -0.466402 2.570966 -8.989984
v -0.087313 2.566777 -8.860135
v 0.099687 2.495969 -8.991366
v -0.190434 2.475861 -9.117632
v -0.351540 2.439102 -8.926538
v -0.443794 2.410367 -9.117632
v 0.059232 2.410367 -9.117632
v -0.015449 2.432931 -8.930691
v -0.379532 2.995756 -8.956156
v -0.124536 2.994512 -8.919051
v -0.036171 3.036361 -9.003563
v -0.277553 3.074607 -9.117632
v -0.484548 2.800113 -9.117632
v -0.001934 2.920786 -8.898681
v -0.379401 2.737773 -8.888418
v 0.190934 2.812850 -9.117632
v 0.048446 2.663907 -8.858878
v 0.116956 2.707009 -8.868710
v 0.287161 2.626996 -9.117632
v -0.224481 2.572177 -8.858497
v -0.223102 2.984984 -8.912686
v -0.358154 2.862318 -8.894834
v 0.036386 2.791832 -8.851056
v 0.053100 2.972017 -9.117632
v 0.069455 2.869452 -8.897034
v 0.219017 2.723475 -9.069737
v 0.142257 2.695501 -8.973963
v 0.096912 2.884540 -9.042888
v 0.064735 2.880089 -8.962240
v 0.102982 2.784719 -8.901974
v 0.121549 2.800491 -9.016989
v 0.103396 2.774076 -8.956592
v 0.084531 2.809760 -8.956592
v 0.094407 2.790244 -8.945740
v 0.093520 2.793592 -8.967443
v 0.117291 2.752918 -8.936303
v 0.080476 2.823144 -8.936043
v 0.080061 2.828301 -8.977807
v 0.117355 2.761415 -8.979233
v -0.354502 0.592831 -9.013355
v -0.387174 0.866754 -9.042287
v -0.385790 0.724847 -8.966219
v -0.418411 0.786612 -9.035663
v -0.417026 0.662903 -9.017153
v -0.410869 0.635620 -9.117632
v -0.418411 0.823388 -9.117632
v -0.152824 3.080756 -9.117632
v -0.407588 3.003733 -9.014935
v 0.125083 2.604616 -8.905928
v 0.138383 2.591953 -8.997325
v 0.165945 2.621361 -9.053517
v -0.080166 -0.066330 -9.370268
v -0.037067 -0.013110 -9.439941
v 0.006032 0.040110 -9.370268
v -0.037067 -0.013110 -9.300593
v 0.006831 -0.098317 -9.321766
v 0.045359 -0.022051 -9.321766
v 0.087897 -0.075311 -9.323936
v 0.078363 -0.107845 -9.370268
v 0.097431 -0.042777 -9.370268
v 0.087897 -0.075311 -9.416600
v 0.006831 -0.098317 -9.418770
v 0.045359 -0.022051 -9.418770
v -0.167451 0.232518 -9.360763
v -0.090816 0.233915 -9.460174
v -0.019717 0.244912 -9.366923
v -0.090816 0.233915 -9.272988
v -0.029661 0.109920 -9.422696
v -0.107128 0.060782 -9.422354
v -0.029661 0.109920 -9.317003
v -0.107128 0.060782 -9.316661
v -0.339993 0.613103 -9.377143
v -0.173871 0.593903 -9.532697
v -0.025814 0.599303 -9.337905
v -0.217368 0.427789 -9.458067
v -0.221893 0.431279 -9.238802
v -0.053721 0.425979 -9.248269
v -0.052856 0.419098 -9.461863
v -0.369235 0.840136 -9.342456
v -0.194289 0.860772 -9.495950
v -0.020827 0.861417 -9.306277
v -0.072755 0.725341 -9.472692
v -0.310978 0.725296 -9.487626
v -0.367750 1.267798 -9.279185
v -0.193897 1.267660 -9.449402
v -0.011034 1.278761 -9.283648
v -0.073228 1.050958 -9.417864
v -0.314957 1.039350 -9.415012
v -0.370817 1.739287 -9.313458
v -0.193215 1.634317 -9.539585
v 0.030712 1.739287 -9.313458
v -0.062902 1.487626 -9.427027
v -0.316767 1.486981 -9.426764
v -0.370817 2.125878 -9.312157
v -0.193215 2.253844 -9.561263
v 0.030712 2.125878 -9.312157
v -0.005203 1.966193 -9.517711
v -0.366342 1.966193 -9.517711
v -0.194289 1.729425 -9.856964
v -0.194288 2.146611 -9.953850
v -0.028369 1.938018 -9.905407
v -0.360208 1.938018 -9.905407
v -0.070541 1.770465 -9.667345
v -0.316767 1.770465 -9.667345
v -0.070541 2.137872 -9.724285
v -0.316767 2.137872 -9.724285
v -0.194289 1.783315 -10.414303
v -0.194289 2.093012 -10.437226
v -0.001900 1.938163 -10.425764
v -0.386677 1.938163 -10.425764
v -0.317364 1.810461 -10.156990
v -0.317364 2.057693 -10.205393
v -0.071213 2.057693 -10.205393
v -0.071213 1.810462 -10.156990
v -0.194289 1.724388 -10.626957
v -0.194289 2.157363 -10.626957
v 0.103978 1.940876 -10.626957
v -0.492555 1.940875 -10.626957
v -0.372709 2.071420 -10.551044
v -0.015868 2.071420 -10.551044
v -0.015868 1.809653 -10.548960
v -0.372709 1.809653 -10.548960
v -0.194289 1.784139 -10.836255
v -0.194289 2.097612 -10.836255
v 0.021655 1.940875 -10.836255
v -0.410232 1.940876 -10.836255
v -0.417940 1.778545 -10.735807
v -0.417940 2.103206 -10.735807
v 0.029363 2.103206 -10.735807
v 0.029363 1.778545 -10.735807
v -0.367750 2.266256 -9.223096
v -0.193897 2.284371 -9.328560
v -0.011034 2.266256 -9.223096
v -0.062902 2.259345 -9.381571
v -0.316767 2.259344 -9.381571
v -0.387464 2.356325 -9.209830
v -0.188346 2.361502 -9.305140
v 0.000788 2.355502 -9.208298
v -0.071108 2.308918 -9.270662
v -0.316324 2.309036 -9.270882
v -0.466402 2.570966 -9.245280
v -0.087313 2.566777 -9.375129
v 0.099687 2.495970 -9.243897
v -0.351540 2.439101 -9.308725
v -0.015449 2.432931 -9.304573
v -0.379532 2.995756 -9.279108
v -0.124536 2.994512 -9.316213
v -0.036171 3.036361 -9.231701
v -0.001934 2.920786 -9.336583
v -0.379401 2.737773 -9.346846
v 0.048446 2.663907 -9.376386
v 0.116956 2.707009 -9.366554
v -0.224481 2.572177 -9.376767
v -0.223102 2.984984 -9.322577
v -0.358154 2.862319 -9.340430
v 0.036386 2.791831 -9.384208
v 0.069455 2.869452 -9.338230
v 0.219017 2.723475 -9.165526
v 0.142257 2.695500 -9.261301
v 0.096912 2.884541 -9.192376
v 0.064735 2.880089 -9.273024
v 0.102982 2.784719 -9.333290
v 0.121549 2.800491 -9.218275
v 0.103396 2.774076 -9.278672
v 0.084531 2.809760 -9.278672
v 0.094407 2.790244 -9.289524
v 0.093520 2.793592 -9.267820
v 0.117291 2.752918 -9.298961
v 0.080476 2.823144 -9.299221
v 0.080061 2.828301 -9.257457
v 0.117355 2.761415 -9.256031
v -0.354502 0.592831 -9.221909
v -0.387174 0.866753 -9.192977
v -0.385790 0.724847 -9.269045
v -0.418411 0.786612 -9.199601
v -0.417026 0.662903 -9.218111
v -0.407588 3.003733 -9.220328
v 0.125083 2.604616 -9.329336
v 0.138383 2.591953 -9.237939
v 0.165945 2.621361 -9.181746
v -0.068265 0.085126 -8.792793
v 0.027153 -0.060352 -8.931738
v 0.110412 -0.078895 -8.864996
v 0.027153 -0.060352 -8.798254
v 0.001065 -0.112594 -8.864996
v 0.053241 -0.008110 -8.864996
v -0.270086 0.461667 -8.901295
v -0.015201 0.119246 -8.865415
v -0.122021 0.052207 -8.866184
v -0.068265 0.085126 -8.938121
v -0.190746 0.731867 -9.117632
v -0.135576 0.425226 -9.023826
v -0.132776 0.419393 -8.735488
v -0.023286 0.420993 -8.877830
v -0.019603 1.051924 -8.944999
v -0.191736 0.725335 -8.707997
v -0.021976 0.726841 -8.912521
v -0.365580 0.725156 -8.857800
v -0.166084 1.539562 -9.117632
v -0.370931 1.004842 -8.960959
v -0.193361 1.053849 -9.117632
v -0.194240 1.049166 -8.772721
v -0.194069 1.702340 -8.575577
v -0.193237 1.474733 -8.762753
v 0.008881 1.511392 -8.941617
v -0.368202 1.510022 -8.942175
v 0.008881 2.217969 -8.968777
v 0.041169 1.955376 -8.911638
v -0.373683 1.955376 -8.911638
v -0.140231 1.933893 -9.117632
v -0.363517 1.934077 -8.054072
v -0.025458 1.955402 -8.539938
v -0.361113 1.955401 -8.539938
v -0.194069 2.203808 -8.497413
v -0.194289 2.120501 -7.683830
v -0.194289 2.104049 -8.020796
v -0.025060 1.934078 -8.054072
v -0.194289 1.764105 -8.087350
v -0.502048 1.940876 -7.497755
v 0.051039 1.940537 -7.685263
v -0.194289 1.760572 -7.686695
v -0.439616 1.940537 -7.685263
v -0.194289 1.940875 -7.362793
v -0.194289 2.164254 -7.497755
v 0.113471 1.940876 -7.497755
v -0.194289 1.717497 -7.497755
v -0.016901 2.306823 -9.029803
v -0.368202 2.217969 -8.968777
v -0.166084 2.166466 -9.117632
v -0.193237 2.276096 -8.814486
v -0.427417 2.430756 -9.009339
v -0.370214 2.306926 -9.029612
v -0.193033 2.304162 -9.117632
v -0.193497 2.309838 -8.941201
v -0.192281 2.410367 -9.117632
v -0.171979 2.453540 -8.886883
v 0.046087 2.420454 -9.013390
v 0.051261 2.945430 -8.981071
v -0.459404 2.834136 -8.966558
v 0.165548 2.808923 -9.062693
v 0.093127 2.789045 -8.869306
v 0.098855 2.787900 -8.928437
v 0.092638 2.791611 -8.956641
v 0.099052 2.796588 -8.985426
v 0.073430 2.838211 -8.957199
v 0.122501 2.745849 -8.958400
v -0.418238 0.724690 -9.013423
v -0.414212 0.634230 -9.055600
v -0.418411 0.817098 -9.072348
v -0.412126 0.726280 -9.117632
v -0.226181 3.064632 -9.000976
v -0.141134 2.790873 -8.861473
v 0.146631 2.632581 -9.009496
v 0.114032 2.647259 -8.870963
v 0.127505 2.562456 -8.963848
v 0.216213 2.647931 -9.081197
v -0.068265 0.085126 -9.442471
v 0.027153 -0.060352 -9.303526
v 0.110412 -0.078895 -9.370268
v 0.027153 -0.060352 -9.437010
v 0.001065 -0.112594 -9.370268
v 0.053241 -0.008110 -9.370268
v -0.270086 0.461667 -9.333969
v -0.015201 0.119246 -9.369849
v -0.122021 0.052207 -9.369080
v -0.068265 0.085126 -9.297143
v -0.135576 0.425226 -9.211438
v -0.132776 0.419393 -9.499776
v -0.023286 0.420993 -9.357434
v -0.019603 1.051924 -9.290265
v -0.191736 0.725335 -9.527267
v -0.021976 0.726841 -9.322742
v -0.365580 0.725156 -9.377463
v -0.370931 1.004843 -9.274304
v -0.194240 1.049166 -9.462543
v -0.194069 1.702340 -9.659687
v -0.193237 1.474733 -9.472510
v 0.008881 1.511392 -9.293647
v -0.368202 1.510022 -9.293089
v 0.008881 2.217969 -9.266487
v 0.041169 1.955376 -9.323626
v -0.373683 1.955376 -9.323626
v -0.363517 1.934077 -10.181191
v -0.025458 1.955401 -9.695326
v -0.361113 1.955401 -9.695326
v -0.194069 2.203808 -9.737851
v -0.194289 2.120501 -10.551434
v -0.194289 2.104049 -10.214468
v -0.025060 1.934078 -10.181191
v -0.194289 1.764106 -10.147914
v -0.502048 1.940875 -10.737509
v 0.051039 1.940536 -10.550001
v -0.194289 1.760572 -10.548569
v -0.439616 1.940537 -10.550001
v -0.194289 1.940876 -10.872471
v -0.194289 2.164254 -10.737509
v 0.113471 1.940875 -10.737509
v -0.194289 1.717498 -10.737509
v -0.016901 2.306823 -9.205461
v -0.368202 2.217969 -9.266487
v -0.193237 2.276096 -9.420778
v -0.427417 2.430756 -9.225924
v -0.370214 2.306926 -9.205652
v -0.193497 2.309837 -9.294063
v -0.171979 2.453540 -9.348381
v 0.046087 2.420454 -9.221874
v 0.051261 2.945430 -9.254192
v -0.459404 2.834136 -9.268705
v 0.165547 2.808923 -9.172571
v 0.093127 2.789045 -9.365958
v 0.098855 2.787900 -9.306827
v 0.092638 2.791611 -9.278623
v 0.099052 2.796588 -9.249838
v 0.073430 2.838211 -9.278065
v 0.122501 2.745849 -9.276864
v -0.418238 0.724690 -9.221841
v -0.414212 0.634230 -9.179664
v -0.418411 0.817098 -9.162916
v -0.226181 3.064632 -9.234288
v -0.141134 2.790873 -9.373791
v 0.146631 2.632581 -9.225768
v 0.114032 2.647259 -9.364301
v 0.127505 2.562456 -9.271416
v 0.216213 2.647931 -9.154067
v -0.013285 0.861417 -9.117632
v 0.080728 1.764712 -9.117632
v -0.375292 2.061176 -9.117632
v 0.080728 2.061176 -9.117632
v -0.144622 0.229355 -9.432234
v -0.073620 0.861417 -9.445711
v -0.314957 1.265874 -9.404256
v -0.070486 1.271033 -9.406356
v -0.331851 1.709542 -9.500757
v -0.045444 1.709542 -9.500757
v 0.043123 1.539562 -9.117632
v 0.094830 1.933893 -9.117632
v -0.375292 1.933893 -9.117632
v -0.375292 2.166466 -9.117632
v -0.089822 0.234065 -9.459690
v -0.088254 0.231528 -9.274502
v -0.173871 0.593903 -9.532697
v -0.217368 0.427789 -9.458067
v -0.194289 0.860772 -9.495950
v -0.020827 0.861417 -9.306277
v -0.011426 1.278307 -9.283648
v -0.073228 1.050958 -9.417864
v -0.193215 1.634317 -9.539585
v 0.028753 1.738257 -9.313458
v -0.316767 1.486981 -9.426764
v -0.366342 1.966193 -9.517711
v -0.194288 2.146611 -9.953850
v -0.070541 1.770465 -9.667345
v -0.194289 1.783315 -10.414303
v -0.194289 2.093012 -10.437226
v -0.270086 0.461667 -9.333969
v -0.132524 0.421825 -9.499949
v -0.191736 0.725335 -9.527267
v -0.365580 0.725156 -9.377463
v -0.194069 1.702340 -9.659687
v -0.193237 1.474733 -9.472510
v 0.007706 1.510183 -9.293647
v 0.039313 1.956053 -9.324368
v -0.361113 1.955401 -9.695326
v -0.332567 0.518011 -9.117632
v 0.007664 0.560424 -9.117632
v -0.426672 0.913483 -9.117632
v 0.040855 0.861858 -9.117632
v -0.428920 1.275867 -9.117632
v 0.053988 1.278196 -9.117632
v -0.431593 1.745690 -9.117632
v 0.104713 1.743768 -9.117632
v -0.429972 2.114074 -9.117632
v 0.110529 2.119842 -9.117632
v -0.431972 2.267358 -9.117632
v -0.421088 2.331113 -9.117632
v -0.159880 0.253599 -9.281416
v -0.161943 0.259272 -9.456161
v -0.012180 0.265067 -9.458221
v -0.009750 0.261343 -9.284625
v -0.310363 0.588532 -9.527262
v -0.036826 0.590830 -9.516389
v -0.345588 0.863695 -9.489393
v -0.042318 0.866515 -9.479609
v -0.347895 1.264715 -9.434697
v -0.038568 1.266868 -9.437853
v -0.370525 1.696395 -9.517487
v -0.008911 1.695375 -9.520127
v -0.367132 2.221202 -9.523550
v -0.013452 2.223105 -9.529894
v -0.342222 1.761962 -9.869081
v -0.046840 1.761860 -9.869624
v -0.341977 2.115495 -9.940578
v -0.046971 2.115550 -9.941001
v -0.351545 1.807426 -10.377553
v -0.037032 1.807426 -10.377553
v -0.351620 2.068300 -10.394802
v -0.036957 2.068299 -10.394802
v -0.418557 1.776261 -10.527742
v 0.029980 1.776261 -10.527742
v -0.418544 2.105484 -10.527725
v 0.029967 2.105485 -10.527725
v -0.353706 2.299299 -9.317969
v -0.025971 2.289996 -9.321391
v -0.347321 2.333429 -9.292371
v -0.107768 2.332420 -9.327477
v -0.412719 0.622701 -9.287546
v -0.428365 0.822061 -9.263599
v -0.314131 0.562311 -9.117632
v -0.038645 0.573266 -9.117632
v -0.375292 1.271626 -9.117632
v -0.375292 1.748218 -9.117632
v 0.049390 1.748218 -9.117632
v -0.375292 2.104307 -9.117632
v 0.067480 2.103198 -9.117632
v -0.375292 2.260743 -9.117632
v -0.033494 0.273073 -9.439215
v -0.283120 0.598103 -9.490906
v -0.066698 0.593303 -9.481360
v -0.314957 0.856258 -9.453928
v -0.331851 2.191370 -9.515401
v -0.334208 1.825546 -10.417429
v -0.054369 1.825546 -10.417429
v -0.334208 2.050781 -10.434100
v -0.054369 2.050781 -10.434100
v -0.412327 1.782403 -10.564719
v 0.023750 1.782403 -10.564719
v -0.412327 2.099348 -10.564719
v 0.023750 2.099348 -10.564719
v -0.314957 2.279645 -9.301047
v -0.040921 2.263533 -9.305964
v -0.104213 2.325859 -9.306428
v -0.376100 0.646103 -9.266250
v -0.387174 0.804669 -9.242066
v -0.143360 0.476612 -9.117632
v 0.037787 0.721712 -9.117632
v 0.042772 1.051788 -9.117632
v -0.425718 1.050214 -9.117632
v -0.431198 1.516227 -9.117632
v 0.079584 1.513841 -9.117632
v 0.114576 1.952544 -9.117632
v -0.430614 1.952933 -9.117632
v -0.430957 2.211763 -9.117632
v -0.430232 2.306229 -9.117632
v -0.419360 0.579596 -9.117632
v -0.434045 0.865699 -9.117632
v -0.192362 0.260292 -9.365509
v -0.086305 0.261241 -9.490831
v 0.016561 0.265379 -9.371426
v -0.083217 0.254781 -9.251347
v -0.379664 0.596072 -9.402715
v -0.173282 0.589775 -9.573740
v 0.023605 0.587090 -9.356359
v -0.240257 0.414786 -9.489649
v -0.237336 0.394093 -9.230910
v -0.012132 0.404076 -9.240880
v -0.022648 0.415162 -9.492901
v -0.414092 0.850852 -9.369092
v -0.194463 0.867129 -9.534966
v 0.028354 0.863644 -9.325823
v -0.042416 0.728255 -9.507865
v -0.340593 0.726250 -9.524837
v -0.417473 1.268055 -9.296477
v -0.194645 1.264222 -9.485033
v 0.038134 1.273857 -9.301911
v -0.041571 1.053177 -9.451142
v -0.346397 1.045928 -9.448085
v -0.423805 1.732544 -9.323235
v -0.194367 1.613375 -9.560851
v 0.078334 1.730835 -9.325254
v -0.029844 1.476292 -9.453607
v -0.351740 1.477467 -9.451539
v -0.421305 2.147141 -9.316899
v -0.195547 2.293618 -9.571605
v 0.076950 2.148491 -9.334645
v 0.038367 1.973716 -9.531330
v -0.411824 1.973641 -9.527924
v -0.194542 1.695609 -9.855958
v -0.194464 2.181824 -9.954185
v 0.008443 1.938701 -9.905402
v -0.397449 1.938733 -9.904739
v -0.040765 1.750174 -9.679741
v -0.347971 1.750528 -9.678111
v -0.042527 2.167589 -9.733612
v -0.346082 2.167251 -9.732114
v -0.194288 1.758512 -10.374319
v -0.194289 2.117213 -10.398036
v 0.021990 1.937863 -10.386177
v -0.410567 1.937863 -10.386177
v -0.340017 1.787357 -10.136468
v -0.340255 2.079582 -10.186486
v -0.048369 2.079589 -10.186539
v -0.048621 1.787345 -10.136536
v -0.194289 1.714531 -10.527745
v -0.194289 2.167214 -10.527722
v 0.114072 1.940873 -10.527734
v -0.502649 1.940873 -10.527734
v -0.384758 2.083692 -10.494309
v -0.003819 2.083692 -10.494309
v -0.003796 1.797293 -10.492193
v -0.384781 1.797293 -10.492193
v -0.420944 2.278556 -9.232368
v -0.202210 2.310820 -9.350575
v -0.032657 2.289439 -9.406816
v -0.352592 2.287361 -9.392176
v -0.410290 2.331788 -9.217179
v -0.214685 2.334688 -9.325405
v -0.072066 2.320025 -9.324860
v -0.353596 2.315723 -9.294391
v -0.383409 0.548931 -9.233517
v -0.427364 0.894268 -9.206138
v -0.426202 0.722662 -9.293544
v -0.436046 0.811198 -9.223328
v -0.431980 0.636974 -9.243455
v 0.067494 2.207881 -9.249367
v -0.157546 0.506920 -9.117632
v -0.015135 0.724633 -9.117632
v -0.376777 1.032817 -9.117632
v -0.375292 1.518935 -9.117632
v 0.024320 1.520225 -9.117632
v 0.061004 1.948377 -9.117632
v -0.375292 1.949208 -9.117632
v -0.375292 2.201786 -9.117632
v -0.404232 0.627056 -9.117632
v -0.410939 0.823254 -9.117632
v -0.012529 0.273335 -9.367089
v -0.339993 0.613103 -9.377143
v -0.022636 0.592596 -9.337905
v -0.220228 0.426747 -9.239505
v -0.048981 0.420150 -9.247785
v -0.052166 0.423013 -9.462391
v -0.369235 0.840137 -9.342456
v -0.072755 0.725341 -9.472692
v -0.310978 0.725296 -9.487626
v -0.193897 1.267660 -9.449402
v -0.314957 1.039350 -9.415012
v -0.062902 1.487626 -9.427027
v -0.370817 2.131269 -9.312157
v 0.031494 2.127002 -9.327443
v -0.005096 1.966036 -9.518295
v -0.316767 1.770465 -9.667345
v -0.316767 2.137872 -9.724285
v -0.001900 1.938163 -10.425764
v -0.386677 1.938163 -10.425764
v -0.194289 1.722976 -10.564718
v -0.194289 2.158775 -10.564718
v 0.105515 1.940876 -10.564718
v -0.494092 1.940876 -10.564718
v -0.372848 2.071548 -10.543263
v -0.015729 2.071548 -10.543263
v -0.015729 1.809525 -10.541180
v -0.372848 1.809525 -10.541180
v -0.316767 2.259345 -9.381571
v -0.201256 2.327849 -9.299251
v -0.073280 2.305979 -9.302031
v -0.315755 2.305319 -9.269817
v -0.354207 0.587764 -9.221909
v -0.387174 0.865464 -9.192977
v -0.385790 0.724847 -9.269045
v -0.410939 0.787332 -9.200292
v -0.409555 0.662327 -9.218887
v 0.037900 2.188493 -9.242418
v 0.088040 2.142296 -9.117632
v -0.402447 2.339441 -9.117632
v -0.017360 0.214249 -9.437388
v -0.016915 0.213083 -9.303422
v -0.429221 1.769616 -10.551706
v 0.040644 1.769616 -10.551706
v -0.429219 2.112135 -10.551704
v 0.040642 2.112134 -10.551704
v 0.009815 2.266878 -9.283952
v -0.334157 2.339730 -9.283090
v -0.085244 2.332313 -9.318322
v -0.302233 0.435487 -9.346736
v -0.119441 0.387770 -9.197028
v -0.129807 0.412788 -9.538097
v 0.020982 0.413580 -9.369304
v 0.029904 1.052257 -9.309474
v -0.191986 0.728406 -9.567801
v 0.026834 0.724810 -9.342872
v -0.408974 0.723658 -9.406452
v -0.417688 1.016922 -9.293197
v -0.194563 1.052875 -9.500566
v -0.194816 1.673119 -9.672003
v -0.194341 1.462486 -9.502037
v 0.057343 1.500844 -9.309201
v -0.420147 1.502488 -9.307096
v 0.053785 2.231900 -9.331500
v 0.087830 1.962950 -9.333411
v -0.425885 1.962911 -9.329905
v -0.394818 1.933470 -10.161466
v 0.014194 1.959970 -9.706159
v -0.402045 1.960025 -9.704163
v -0.194767 2.242627 -9.746023
v -0.194289 2.137392 -10.494706
v -0.194310 2.134379 -10.195889
v 0.006188 1.933466 -10.161549
v -0.194320 1.732557 -10.127126
v 0.067623 1.940493 -10.493252
v -0.194289 1.743593 -10.491797
v -0.456200 1.940493 -10.493252
v -0.419790 2.238399 -9.272339
v -0.198474 2.312039 -9.435555
v -0.419224 2.309234 -9.218490
v -0.210539 2.321232 -9.326792
v -0.435620 0.724465 -9.250040
v -0.424681 0.590196 -9.194441
v -0.434871 0.856120 -9.176409
v -0.131097 0.415072 -9.210752
v -0.021593 0.422869 -9.357455
v -0.019652 1.051867 -9.290265
v -0.021182 0.725164 -9.322742
v -0.370918 1.003762 -9.274324
v -0.194240 1.049166 -9.462543
v 0.015283 2.202381 -9.322026
v -0.194289 2.120678 -10.543654
v 0.051231 1.940537 -10.542221
v -0.194288 1.760395 -10.540789
v -0.439808 1.940536 -10.542221
v -0.368202 2.222384 -9.266487
v -0.368791 2.303843 -9.205112
v -0.193899 2.306869 -9.296778
v -0.410766 0.724773 -9.222684
v -0.405698 0.630865 -9.180891
v -0.410939 0.818003 -9.163300
v -0.071673 0.211391 -9.462776
v 0.003188 0.214910 -9.370391
v -0.075157 0.209452 -9.279708
v -0.194289 1.705394 -10.551706
v -0.194289 2.176357 -10.551703
v 0.128742 1.940875 -10.551705
v -0.517319 1.940875 -10.551705
v -0.392844 2.339525 -9.212132
v -0.206639 2.338992 -9.314207
v -0.025652 2.312613 -9.311089
v 0.060268 2.190426 -9.215392
v -0.272152 2.308575 -9.279987
v -0.321909 2.332851 -9.275133
v -0.379145 2.332218 -9.207867
v -0.376681 2.303854 -9.117632
v -0.386857 2.331394 -9.117632
v -0.355026 2.276568 -9.235038
v -0.367844 2.268150 -9.221763
v 0.065723 2.061176 -9.117632
v 0.060164 1.933893 -9.117632
v 0.026447 1.539562 -9.117632
v 0.001382 1.289139 -9.117632
v -0.368093 1.506859 -9.292900
v -0.376627 1.056939 -9.117632
v -0.372428 0.994359 -9.259863
v -0.385351 0.903867 -9.135218
v -0.386665 0.888229 -9.117632
v -0.126237 0.385310 -9.224280
v -0.102632 0.317044 -9.249693
v -0.085996 0.259918 -9.269549
v -0.043135 0.293379 -9.284678
v -0.038642 0.271656 -9.292455
v -0.138421 0.224279 -9.294749
v -0.144629 0.231151 -9.295451
v -0.215246 0.416585 -9.242626
v -0.376669 0.608200 -9.206225
v -0.375440 0.616367 -9.220750
v -0.188148 2.318226 -9.298723
v -0.069827 2.277882 -9.308043
v -0.190927 2.283587 -9.328858
v -0.179302 2.329502 -9.302356
v -0.182597 2.305736 -9.297106
v 0.042111 2.111132 -9.267824
v 0.009451 2.216085 -9.266446
v -0.056838 2.255849 -9.371849
v -0.055187 2.265377 -9.308232
v 0.001266 2.222980 -9.275078
v 0.035933 2.040745 -9.317883
v -0.371348 1.762375 -9.290226
v -0.370839 1.737280 -9.312500
v -0.367606 1.266763 -9.279314
v -0.302492 0.512048 -9.291041
v -0.237186 0.440750 -9.269241
v -0.166593 0.231899 -9.363633
v -0.086625 0.212635 -9.457124
v -0.126604 0.209226 -9.437357
v -0.058926 2.252859 -9.393748
v 0.034937 2.028682 -9.326095
v -0.002171 1.965442 -9.505012
v -0.372301 1.851218 -9.318725
v -0.002180 1.945116 -9.499567
v -0.090830 0.272701 -9.465454
v -0.192156 2.275320 -9.422279
v -0.047356 2.191850 -9.517647
v -0.193172 2.253659 -9.561827
v -0.194069 2.203793 -9.737908
v -0.070603 2.137859 -9.724523
v 0.050348 1.764712 -9.117632
v -0.375292 1.764712 -9.117632
v -0.371174 2.129117 -9.296631
v -0.375292 2.248142 -9.117632
v -0.011510 1.052803 -9.117632
v -0.373687 1.956868 -9.322453
v -0.375292 1.289218 -9.117632
v -0.375292 1.539562 -9.117632
v -0.025461 1.955392 -9.695335
v 0.028365 1.557013 -9.117632
v 0.130143 2.151182 -9.117632
v 0.087109 2.239222 -9.249366
v 0.107655 2.173636 -9.117632
v 0.079882 2.221766 -9.215392
v 0.130488 2.107350 -9.117632
v 0.087454 2.195390 -9.249367
v 0.150103 2.138691 -9.117632
v 0.107068 2.226731 -9.249366
v 0.144220 2.013373 -9.117632
v 0.101186 2.101413 -9.249367
v 0.163835 2.044714 -9.117632
v 0.120800 2.132753 -9.249366
v 0.144220 1.569823 -9.117632
v 0.101186 1.657863 -9.195281
v 0.163835 1.601164 -9.117632
v 0.120800 1.689204 -9.195281
v 0.144220 1.460090 -9.117632
v 0.101186 1.548129 -9.204881
v 0.163835 1.491431 -9.117632
v 0.120800 1.579470 -9.204881
v -0.144622 0.229355 -8.803030
v -0.073620 0.861417 -8.789553
v -0.314957 1.265874 -8.831008
v -0.070486 1.271033 -8.828908
v -0.331851 1.709542 -8.734507
v -0.045444 1.709542 -8.734507
v -0.089822 0.234065 -8.775574
v -0.088254 0.231528 -8.960762
v -0.173871 0.593903 -8.702567
v -0.217368 0.427789 -8.777197
v -0.194289 0.860772 -8.739314
v -0.020827 0.861417 -8.928987
v -0.011426 1.278307 -8.951615
v -0.073228 1.050958 -8.817400
v -0.193215 1.634317 -8.695679
v 0.028753 1.738257 -8.921805
v -0.316767 1.486981 -8.808500
v -0.366342 1.966193 -8.717553
v -0.194288 2.146611 -8.281414
v -0.070541 1.770465 -8.567919
v -0.194289 1.783315 -7.820961
v -0.194289 2.093012 -7.798038
v -0.270086 0.461667 -8.901295
v -0.132524 0.421825 -8.735314
v -0.191736 0.725335 -8.707997
v -0.365580 0.725156 -8.857800
v -0.194069 1.702340 -8.575577
v -0.193237 1.474733 -8.762753
v 0.007706 1.510183 -8.941617
v 0.039313 1.956053 -8.910896
v -0.361113 1.955401 -8.539938
v -0.159880 0.253599 -8.953848
v -0.161943 0.259272 -8.779103
v -0.012180 0.265067 -8.777042
v -0.009750 0.261343 -8.950639
v -0.310363 0.588532 -8.708002
v -0.036826 0.590830 -8.718875
v -0.345588 0.863695 -8.745871
v -0.042318 0.866515 -8.755655
v -0.347895 1.264715 -8.800567
v -0.038568 1.266868 -8.797411
v -0.370525 1.696395 -8.717777
v -0.008911 1.695375 -8.715137
v -0.367132 2.221202 -8.711714
v -0.013452 2.223105 -8.705370
v -0.342222 1.761962 -8.366182
v -0.046840 1.761860 -8.365640
v -0.341977 2.115495 -8.294685
v -0.046971 2.115550 -8.294263
v -0.351545 1.807426 -7.857711
v -0.037032 1.807426 -7.857711
v -0.351620 2.068300 -7.840462
v -0.036957 2.068299 -7.840462
v -0.418557 1.776261 -7.707521
v 0.029980 1.776261 -7.707521
v -0.418544 2.105484 -7.707539
v 0.029967 2.105485 -7.707539
v -0.353706 2.299299 -8.917295
v -0.025971 2.289996 -8.913873
v -0.347321 2.333429 -8.942893
v -0.107768 2.332420 -8.907786
v -0.412719 0.622701 -8.947718
v -0.428365 0.822061 -8.971664
v -0.033494 0.273073 -8.796049
v -0.283120 0.598103 -8.744358
v -0.066698 0.593303 -8.753903
v -0.314957 0.856258 -8.781336
v -0.331851 2.191370 -8.719863
v -0.334208 1.825546 -7.817835
v -0.054369 1.825546 -7.817835
v -0.334208 2.050781 -7.801164
v -0.054369 2.050781 -7.801164
v -0.412327 1.782403 -7.670545
v 0.023750 1.782403 -7.670545
v -0.412327 2.099348 -7.670545
v 0.023750 2.099348 -7.670545
v -0.314957 2.279645 -8.934216
v -0.040921 2.263533 -8.929300
v -0.104213 2.325859 -8.928836
v -0.376100 0.646103 -8.969014
v -0.387174 0.804669 -8.993197
v -0.192362 0.260292 -8.869755
v -0.086305 0.261241 -8.744432
v 0.016561 0.265379 -8.863838
v -0.083217 0.254781 -8.983917
v -0.379664 0.596072 -8.832549
v -0.173282 0.589775 -8.661524
v 0.023605 0.587090 -8.878904
v -0.240257 0.414786 -8.745615
v -0.237336 0.394093 -9.004354
v -0.012132 0.404076 -8.994384
v -0.022648 0.415162 -8.742363
v -0.414092 0.850852 -8.866172
v -0.194463 0.867129 -8.700298
v 0.028354 0.863644 -8.909441
v -0.042416 0.728255 -8.727399
v -0.340593 0.726250 -8.710426
v -0.417473 1.268055 -8.938787
v -0.194645 1.264222 -8.750231
v 0.038134 1.273857 -8.933352
v -0.041571 1.053177 -8.784122
v -0.346397 1.045928 -8.787179
v -0.423805 1.732544 -8.912029
v -0.194367 1.613375 -8.674413
v 0.078334 1.730835 -8.910009
v -0.029844 1.476292 -8.781657
v -0.351740 1.477467 -8.783725
v -0.421305 2.147141 -8.918365
v -0.195547 2.293618 -8.663659
v 0.076950 2.148491 -8.900619
v 0.038367 1.973716 -8.703934
v -0.411824 1.973641 -8.707340
v -0.194542 1.695609 -8.379306
v -0.194464 2.181824 -8.281079
v 0.008443 1.938701 -8.329862
v -0.397449 1.938733 -8.330524
v -0.040765 1.750174 -8.555523
v -0.347971 1.750528 -8.557153
v -0.042527 2.167589 -8.501652
v -0.346082 2.167251 -8.503150
v -0.194288 1.758512 -7.860945
v -0.194289 2.117213 -7.837228
v 0.021990 1.937863 -7.849086
v -0.410567 1.937863 -7.849086
v -0.340017 1.787357 -8.098796
v -0.340255 2.079582 -8.048778
v -0.048369 2.079589 -8.048725
v -0.048621 1.787345 -8.098728
v -0.194289 1.714531 -7.707519
v -0.194289 2.167214 -7.707542
v 0.114072 1.940873 -7.707530
v -0.502649 1.940873 -7.707530
v -0.384758 2.083692 -7.740954
v -0.003819 2.083692 -7.740954
v -0.003796 1.797293 -7.743070
v -0.384781 1.797293 -7.743070
v -0.420944 2.278556 -9.002895
v -0.202210 2.310820 -8.884688
v -0.032657 2.289439 -8.828448
v -0.352592 2.287361 -8.843088
v -0.410290 2.331788 -9.018085
v -0.214685 2.334688 -8.909859
v -0.072066 2.320025 -8.910404
v -0.353596 2.315723 -8.940873
v -0.383409 0.548931 -9.001747
v -0.427364 0.894268 -9.029126
v -0.426202 0.722662 -8.941720
v -0.436046 0.811198 -9.011936
v -0.431980 0.636974 -8.991809
v 0.067494 2.207881 -8.985897
v -0.012529 0.273335 -8.868175
v -0.339993 0.613103 -8.858121
v -0.022636 0.592596 -8.897359
v -0.220228 0.426747 -8.995759
v -0.048981 0.420150 -8.987479
v -0.052166 0.423013 -8.772873
v -0.369235 0.840137 -8.892808
v -0.072755 0.725341 -8.762571
v -0.310978 0.725296 -8.747638
v -0.193897 1.267660 -8.785862
v -0.314957 1.039350 -8.820251
v -0.062902 1.487626 -8.808237
v -0.370817 2.131269 -8.923107
v 0.031494 2.127002 -8.907821
v -0.005096 1.966036 -8.716969
v -0.316767 1.770465 -8.567919
v -0.316767 2.137872 -8.510979
v -0.001900 1.938163 -7.809500
v -0.386677 1.938163 -7.809500
v -0.194289 1.722976 -7.670545
v -0.194289 2.158775 -7.670545
v 0.105515 1.940876 -7.670545
v -0.494092 1.940876 -7.670545
v -0.372848 2.071548 -7.692000
v -0.015729 2.071548 -7.692000
v -0.015729 1.809525 -7.694085
v -0.372848 1.809525 -7.694085
v -0.316767 2.259345 -8.853693
v -0.201256 2.327849 -8.936013
v -0.073280 2.305979 -8.933233
v -0.315755 2.305319 -8.965446
v -0.354207 0.587764 -9.013355
v -0.387174 0.865464 -9.042287
v -0.385790 0.724847 -8.966219
v -0.410939 0.787332 -9.034972
v -0.409555 0.662327 -9.016376
v 0.037900 2.188493 -8.992846
v -0.017360 0.214249 -8.797875
v -0.016915 0.213083 -8.931842
v -0.429221 1.769616 -7.683558
v 0.040644 1.769616 -7.683558
v -0.429219 2.112135 -7.683559
v 0.040642 2.112134 -7.683560
v 0.009815 2.266878 -8.951312
v -0.334157 2.339730 -8.952174
v -0.085244 2.332313 -8.916942
v -0.302233 0.435487 -8.888528
v -0.119441 0.387770 -9.038236
v -0.129807 0.412788 -8.697166
v 0.020982 0.413580 -8.865960
v 0.029904 1.052257 -8.925790
v -0.191986 0.728406 -8.667463
v 0.026834 0.724810 -8.892392
v -0.408974 0.723658 -8.828812
v -0.417688 1.016922 -8.942067
v -0.194563 1.052875 -8.734698
v -0.194816 1.673119 -8.563261
v -0.194341 1.462486 -8.733227
v 0.057343 1.500844 -8.926063
v -0.420147 1.502488 -8.928168
v 0.053785 2.231900 -8.903764
v 0.087830 1.962950 -8.901853
v -0.425885 1.962911 -8.905359
v -0.394818 1.933470 -8.073798
v 0.014194 1.959970 -8.529105
v -0.402045 1.960025 -8.531101
v -0.194767 2.242627 -8.489241
v -0.194289 2.137392 -7.740558
v -0.194310 2.134379 -8.039374
v 0.006188 1.933466 -8.073715
v -0.194320 1.732557 -8.108138
v 0.067623 1.940493 -7.742013
v -0.194289 1.743593 -7.743467
v -0.456200 1.940493 -7.742012
v -0.419790 2.238399 -8.962925
v -0.198474 2.312039 -8.799708
v -0.419224 2.309234 -9.016774
v -0.210539 2.321232 -8.908472
v -0.435620 0.724465 -8.985224
v -0.424681 0.590196 -9.040823
v -0.434871 0.856120 -9.058855
v -0.131097 0.415072 -9.024512
v -0.021593 0.422869 -8.877809
v -0.019652 1.051867 -8.944999
v -0.021182 0.725164 -8.912521
v -0.370918 1.003762 -8.960939
v -0.194240 1.049166 -8.772721
v 0.015283 2.202381 -8.913238
v -0.194289 2.120678 -7.691610
v 0.051231 1.940537 -7.693043
v -0.194288 1.760395 -7.694475
v -0.439808 1.940536 -7.693043
v -0.368202 2.222384 -8.968777
v -0.368791 2.303843 -9.030152
v -0.193899 2.306869 -8.938486
v -0.410766 0.724773 -9.012580
v -0.405698 0.630865 -9.054373
v -0.410939 0.818003 -9.071964
v -0.071673 0.211391 -8.772488
v 0.003188 0.214910 -8.864873
v -0.075157 0.209452 -8.955556
v -0.194289 1.705394 -7.683557
v -0.194289 2.176357 -7.683560
v 0.128742 1.940875 -7.683558
v -0.517319 1.940875 -7.683559
v -0.392844 2.339525 -9.023131
v -0.206639 2.338992 -8.921057
v -0.025652 2.312613 -8.924175
v 0.060268 2.190426 -9.019872
v -0.272152 2.308575 -8.955276
v -0.321909 2.332851 -8.960131
v -0.379145 2.332218 -9.027397
v -0.355026 2.276568 -9.000226
v -0.367844 2.268150 -9.013501
v -0.368093 1.506859 -8.942364
v -0.372428 0.994359 -8.975401
v -0.385351 0.903867 -9.100046
v -0.126237 0.385310 -9.010983
v -0.102632 0.317044 -8.985571
v -0.085996 0.259918 -8.965714
v -0.043135 0.293379 -8.950585
v -0.038642 0.271656 -8.942809
v -0.138421 0.224279 -8.940515
v -0.144629 0.231151 -8.939813
v -0.215246 0.416585 -8.992638
v -0.376669 0.608200 -9.029038
v -0.375440 0.616367 -9.014514
v -0.188148 2.318226 -8.936541
v -0.069827 2.277882 -8.927221
v -0.190927 2.283587 -8.906405
v -0.179302 2.329502 -8.932908
v -0.182597 2.305736 -8.938158
v 0.042111 2.111132 -8.967440
v 0.009451 2.216085 -8.968818
v -0.056838 2.255849 -8.863415
v -0.055187 2.265377 -8.927032
v 0.001266 2.222980 -8.960186
v 0.035933 2.040745 -8.917380
v -0.371348 1.762375 -8.945038
v -0.370839 1.737280 -8.922764
v -0.367606 1.266763 -8.955950
v -0.302492 0.512048 -8.944222
v -0.237186 0.440750 -8.966022
v -0.166593 0.231899 -8.871631
v -0.086625 0.212635 -8.778140
v -0.126604 0.209226 -8.797907
v -0.058926 2.252859 -8.841516
v 0.034937 2.028682 -8.909169
v -0.002171 1.965442 -8.730252
v -0.372301 1.851218 -8.916539
v -0.002180 1.945116 -8.735697
v -0.090830 0.272701 -8.769810
v -0.192156 2.275320 -8.812984
v -0.047356 2.191850 -8.717617
v -0.193172 2.253659 -8.673437
v -0.194069 2.203793 -8.497355
v -0.070603 2.137859 -8.510741
v -0.371174 2.129117 -8.938633
v -0.373687 1.956868 -8.912810
v -0.025461 1.955392 -8.539928
v 0.087109 2.239222 -8.985898
v 0.079882 2.221766 -9.019872
v 0.087454 2.195390 -8.985897
v 0.107068 2.226731 -8.985898
v 0.101186 2.101413 -8.985897
v 0.120800 2.132753 -8.985898
v 0.101186 1.657863 -9.039983
v 0.120800 1.689204 -9.039983
v 0.101186 1.548129 -9.030383
v 0.120800 1.579470 -9.030383
v 0.043244 1.985120 -9.405086
v 0.073444 1.983961 -9.412998
v 0.041501 1.951547 -9.406819
v 0.071701 1.950387 -9.414732
v 0.044211 1.921413 -9.392060
v 0.074411 1.920253 -9.399973
v 0.050648 1.902792 -9.364763
v 0.080847 1.901633 -9.372676
v 0.059087 1.900676 -9.332244
v 0.089287 1.899516 -9.340157
v 0.067267 1.915629 -9.303214
v 0.097467 1.914470 -9.311127
v 0.072996 1.943647 -9.285454
v 0.103196 1.942487 -9.293366
v 0.074740 1.977221 -9.283720
v 0.104939 1.976061 -9.291633
v 0.072030 2.007354 -9.298479
v 0.102229 2.006195 -9.306392
v 0.065593 2.025975 -9.325776
v 0.095792 2.024815 -9.333689
v 0.057154 2.028091 -9.358295
v 0.087353 2.026932 -9.366208
v 0.048973 2.013138 -9.387325
v 0.079173 2.011978 -9.395238
v 0.074968 1.952911 -9.402631
v 0.076369 1.979884 -9.401238
v 0.077145 1.928701 -9.390774
v 0.082317 1.913742 -9.368843
v 0.089097 1.912041 -9.342717
v 0.095669 1.924055 -9.319395
v 0.100271 1.946564 -9.305126
v 0.101672 1.973537 -9.303734
v 0.099495 1.997747 -9.315591
v 0.094323 2.012706 -9.337521
v 0.087543 2.014407 -9.363647
v 0.080971 2.002393 -9.386970
v 0.046169 1.981043 -9.393326
v 0.044768 1.954070 -9.394718
v 0.046945 1.929861 -9.382861
v 0.052117 1.914901 -9.360931
v 0.058897 1.913201 -9.334805
v 0.065469 1.925215 -9.311482
v 0.070072 1.947724 -9.297214
v 0.071472 1.974697 -9.295821
v 0.069295 1.998906 -9.307678
v 0.064124 2.013866 -9.329609
v 0.057344 2.015566 -9.355735
v 0.050772 2.003553 -9.379057
v 0.044497 1.997499 -9.417210
v 0.067307 1.996623 -9.423185
v 0.064343 1.939540 -9.426132
v 0.041534 1.940416 -9.420156
v 0.043580 1.917656 -9.409008
v 0.066389 1.916781 -9.414985
v 0.077334 1.885122 -9.368575
v 0.054524 1.885998 -9.362598
v 0.060898 1.884400 -9.338037
v 0.083707 1.883524 -9.344013
v 0.097616 1.908948 -9.294657
v 0.074806 1.909824 -9.288681
v 0.079134 1.930985 -9.275267
v 0.101943 1.930109 -9.281242
v 0.104907 1.987192 -9.278296
v 0.082097 1.988068 -9.272320
v 0.080051 2.010827 -9.283467
v 0.102860 2.009951 -9.289444
v 0.091916 2.041609 -9.335854
v 0.069107 2.042485 -9.329877
v 0.062733 2.044084 -9.354439
v 0.085542 2.043208 -9.360415
v 0.071634 2.017783 -9.409771
v 0.048825 2.018659 -9.403795
v 0.219206 2.691123 -9.035175
v 0.229467 2.658922 -8.877371
v 0.070931 2.937044 -9.035175
v 0.076062 2.920943 -8.877371
v 0.219206 2.691123 -9.201908
v 0.229467 2.658922 -9.359713
v 0.070931 2.937044 -9.201908
v 0.076062 2.920943 -9.359713
vn -0.3804 -0.1432 0.9136
vn 0.4096 0.1024 0.9065
vn 0.4572 -0.0430 0.8883
vn -0.4158 -0.1565 0.8959
vn -0.1850 -0.3257 -0.9272
vn 0.2671 0.2748 -0.9237
vn 0.3694 0.2587 -0.8926
vn 0.1544 -0.4615 -0.8736
vn 0.6550 -0.6752 -0.3393
vn 0.9023 0.2428 -0.3562
vn 0.9023 0.2428 0.3562
vn 0.6550 -0.6752 0.3393
vn 0.1544 -0.4615 0.8736
vn 0.3694 0.2587 0.8926
vn 0.2671 0.2748 0.9237
vn -0.1850 -0.3257 0.9272
vn -0.4795 -0.8164 -0.3217
vn 0.0314 -0.9710 -0.2370
vn 0.0314 -0.9710 0.2370
vn -0.4795 -0.8164 0.3217
vn 0.5669 0.7758 -0.2771
vn 0.6641 0.6735 -0.3247
vn 0.6641 0.6735 0.3247
vn 0.5669 0.7758 0.2771
vn -0.8598 -0.4166 -0.2951
vn -0.8897 -0.3644 0.2749
vn -0.8503 -0.4302 0.3034
vn -0.8798 -0.4538 0.1415
vn -0.7182 -0.6221 -0.3118
vn 0.9225 0.2526 0.2918
vn 0.9234 0.2498 -0.2914
vn 0.9620 0.0296 -0.2716
vn 0.9612 0.0419 0.2727
vn -0.8981 -0.3185 -0.3035
vn -0.9005 -0.3142 0.3006
vn -0.9305 -0.2225 0.2910
vn -0.9197 -0.2440 -0.3077
vn 0.4157 0.0956 -0.9045
vn -0.3686 -0.1500 -0.9174
vn -0.3591 -0.1963 -0.9124
vn 0.4724 -0.0786 -0.8779
vn -0.0000 -0.0000 -1.0000
vn 0.4267 -0.1960 -0.8829
vn -0.3198 -0.3639 -0.8748
vn -0.1141 -0.4892 -0.8646
vn 0.2135 -0.4028 -0.8900
vn -0.4383 -0.2768 0.8551
vn 0.4345 -0.0972 0.8954
vn 0.4293 -0.0677 0.9006
vn -0.3945 -0.2886 0.8724
vn 0.9613 0.0339 0.2733
vn 0.9628 0.0038 -0.2701
vn 0.9708 -0.0334 -0.2377
vn 0.9606 0.0446 0.2744
vn 0.9282 0.0388 0.3700
vn 0.9990 -0.0075 0.0448
vn 0.9960 -0.0528 0.0723
vn 0.9114 -0.0064 0.4115
vn -0.3360 -0.0277 0.9414
vn 0.4227 0.0867 0.9021
vn 0.3923 0.1978 0.8983
vn -0.3182 0.2174 0.9228
vn 0.9536 0.0356 0.2988
vn 0.9464 -0.2844 -0.1530
vn 0.9993 -0.0318 0.0214
vn 0.9401 0.0531 0.3367
vn -0.9588 -0.1808 0.2192
vn -0.8836 -0.1921 0.4271
vn -0.8963 0.0933 0.4335
vn -0.9842 0.0301 0.1746
vn -0.9960 0.0741 0.0495
vn -0.9898 0.0595 0.1294
vn -0.9185 0.1122 0.3791
vn -0.9259 0.0105 0.3776
vn -0.9990 0.0090 0.0441
vn -0.3515 0.1789 0.9189
vn 0.3602 0.1488 0.9209
vn 0.3364 0.0505 0.9404
vn -0.3596 0.0503 0.9318
vn -0.4793 -0.7913 0.3797
vn 0.4639 -0.7915 0.3980
vn 0.4467 -0.8892 0.0991
vn -0.4482 -0.8887 0.0971
vn -0.3503 -0.1002 0.9313
vn 0.3336 -0.1033 0.9371
vn 0.3693 -0.3366 0.8662
vn -0.3882 -0.3326 0.8595
vn 0.8909 -0.0850 0.4461
vn 0.9839 -0.1199 0.1326
vn 0.9703 -0.1360 0.2002
vn 0.9062 -0.1605 0.3913
vn -0.9991 -0.0021 0.0431
vn -0.9282 -0.0337 0.3706
vn -0.9624 -0.0912 0.2561
vn -0.9995 -0.0071 0.0301
vn 0.8490 0.4728 0.2358
vn 0.9416 0.3125 0.1253
vn 0.9043 0.4220 0.0651
vn 0.6593 0.7102 0.2468
vn 0.9470 -0.1187 0.2984
vn 0.9662 -0.0682 0.2486
vn 0.9687 0.0888 0.2317
vn 0.9541 0.1316 0.2690
vn -0.9999 -0.0078 0.0151
vn -0.9896 -0.0849 0.1159
vn -0.9906 0.0969 0.0968
vn -0.9999 0.0101 0.0130
vn -0.9497 0.3130 0.0108
vn -0.9490 -0.3154 0.0017
vn -0.9241 -0.3777 -0.0589
vn -0.9165 0.3930 -0.0751
vn 0.9666 -0.2027 0.1569
vn 0.9702 0.1935 0.1460
vn 0.9665 0.2512 0.0522
vn 0.9651 -0.2614 0.0130
vn -0.9795 0.1841 0.0821
vn -0.9794 -0.1835 0.0845
vn -0.9661 -0.2581 0.0054
vn -0.9670 0.2507 0.0447
vn 0.4590 0.8498 0.2592
vn -0.4719 0.8470 0.2449
vn -0.4588 0.8629 0.2119
vn 0.4576 0.8631 0.2138
vn 0.2653 0.9341 -0.2387
vn -0.2653 0.9341 -0.2387
vn -0.2381 0.8720 -0.4277
vn 0.2381 0.8720 -0.4277
vn 0.3967 0.9091 0.1273
vn -0.3967 0.9091 0.1273
vn -0.3202 0.9470 0.0257
vn 0.3202 0.9470 0.0257
vn 0.9490 -0.3154 0.0017
vn 0.9497 0.3130 0.0108
vn 0.9165 0.3930 -0.0751
vn 0.9241 -0.3777 -0.0589
vn -0.3812 -0.9199 0.0921
vn 0.3812 -0.9199 0.0921
vn 0.3166 -0.9471 0.0515
vn -0.3166 -0.9471 0.0515
vn -0.8858 0.4579 -0.0757
vn -0.8858 -0.4579 -0.0757
vn -0.7162 -0.3423 0.6081
vn -0.7162 0.3423 0.6081
vn 0.8536 -0.4059 -0.3266
vn 0.8335 0.4223 -0.3563
vn 0.7574 0.3913 -0.5228
vn 0.7629 -0.3904 -0.5154
vn -0.2732 -0.9455 -0.1770
vn 0.2732 -0.9455 -0.1770
vn 0.2410 -0.8795 -0.4103
vn -0.2410 -0.8795 -0.4103
vn -0.8335 0.4223 -0.3563
vn -0.8536 -0.4059 -0.3266
vn -0.7629 -0.3904 -0.5154
vn -0.7574 0.3913 -0.5228
vn -0.1462 -0.2014 0.9685
vn 0.1462 -0.2014 0.9685
vn 0.1462 0.2014 0.9685
vn -0.1462 0.2014 0.9685
vn 0.2623 0.9631 -0.0597
vn -0.2623 0.9631 -0.0597
vn -0.2096 0.8324 0.5130
vn 0.2096 0.8324 0.5130
vn 0.8858 -0.4579 -0.0757
vn 0.8858 0.4579 -0.0757
vn 0.7162 0.3423 0.6081
vn 0.7162 -0.3423 0.6081
vn -0.2623 -0.9631 -0.0597
vn 0.2623 -0.9631 -0.0597
vn 0.2096 -0.8324 0.5130
vn -0.2096 -0.8324 0.5130
vn 0.7282 0.4330 0.5313
vn 0.9711 0.2144 0.1047
vn 0.9322 -0.3462 0.1053
vn 0.7284 -0.2983 0.6168
vn -0.9994 0.0195 0.0271
vn -0.9410 0.2933 0.1688
vn -0.7987 0.5325 0.2802
vn -0.9984 0.0208 0.0518
vn -0.3586 0.8924 0.2738
vn 0.3401 0.8995 0.2742
vn 0.1240 0.9799 0.1562
vn -0.1298 0.9784 0.1610
vn -0.8147 -0.5533 0.1735
vn -0.6427 -0.4563 0.6154
vn -0.7013 -0.2996 0.6469
vn -0.8026 -0.4363 0.4068
vn -0.9958 -0.0386 0.0832
vn -0.7747 0.3259 0.5419
vn -0.7247 -0.2738 0.6324
vn -0.9303 -0.3518 0.1039
vn -0.1503 0.7528 0.6409
vn 0.1494 0.7560 0.6373
vn 0.1896 -0.2066 0.9599
vn -0.1797 -0.1917 0.9649
vn -0.1668 -0.3925 0.9045
vn 0.1830 -0.4360 0.8811
vn 0.1811 -0.3807 0.9068
vn 0.0004 -0.2808 0.9598
vn -0.2054 -0.2829 0.9369
vn 0.6281 -0.5512 0.5492
vn 0.7788 -0.6135 0.1308
vn 0.7273 -0.6534 0.2099
vn 0.6050 -0.5845 0.5407
vn 0.4800 0.6852 0.5478
vn 0.9753 0.2180 -0.0350
vn 0.9010 0.2235 0.3718
vn 0.8304 0.5384 0.1433
vn 0.6938 0.7054 0.1450
vn 0.6083 0.6246 0.4897
vn -0.9766 0.0402 0.2111
vn -0.7309 -0.0338 0.6816
vn -0.6585 0.1503 0.7374
vn -0.5811 0.2611 0.7708
vn -0.8392 0.3149 0.4433
vn -0.9454 0.3149 0.0842
vn 0.6644 0.2829 0.6918
vn 0.5354 0.5234 0.6628
vn 0.7102 0.6504 0.2695
vn 0.6789 0.3906 0.6217
vn 0.3447 0.1340 0.9291
vn 0.9276 0.2750 0.2528
vn 0.9275 0.3615 0.0951
vn 0.4228 0.3217 0.8472
vn 0.9084 0.3828 -0.1683
vn 0.9304 0.3629 0.0516
vn 0.8595 0.4913 -0.1409
vn 0.8867 0.4274 -0.1761
vn 0.8565 0.5133 -0.0552
vn 0.8468 0.5108 0.1480
vn 0.8985 0.4245 0.1118
vn 0.9036 0.4241 -0.0597
vn 0.7882 0.3818 0.4827
vn 0.7567 0.3615 0.5447
vn 0.8458 0.4245 0.3232
vn 0.8129 0.4827 0.3260
vn 0.9446 0.2017 0.2590
vn 0.9699 0.2205 -0.1034
vn 0.9319 0.3593 -0.0501
vn 0.9302 0.3502 0.1101
vn 0.9375 0.3231 0.1290
vn 0.8736 0.3565 0.3311
vn 0.8110 0.5532 0.1907
vn 0.8341 0.5517 0.0041
vn -0.7968 -0.0896 0.5976
vn -0.8189 0.1802 0.5450
vn -0.1871 -0.9402 -0.2846
vn -0.6976 -0.6014 0.3895
vn -0.8462 0.3621 0.3908
vn -0.8888 0.4442 0.1128
vn -0.0362 0.7865 0.6166
vn 0.1077 0.8416 0.5293
vn 0.1884 0.9649 0.1829
vn -0.0485 0.9836 0.1735
vn -0.3951 0.9097 0.1276
vn -0.2624 0.9316 0.2517
vn -0.1381 0.7235 0.6764
vn 0.0133 0.0356 0.9993
vn 0.0569 -0.0924 0.9941
vn -0.0661 -0.0671 0.9956
vn -0.0777 0.3250 0.9425
vn 0.0315 0.3145 0.9487
vn 0.0390 0.2440 0.9690
vn -0.0708 0.2196 0.9730
vn -0.1016 0.0685 0.9925
vn -0.1697 0.0193 0.9853
vn 0.9395 -0.0615 0.3370
vn 0.9833 -0.0743 0.1663
vn 0.9071 -0.3135 0.2809
vn 0.2209 -0.1306 0.9665
vn 0.2733 -0.3559 0.8937
vn 0.9306 -0.0575 0.3615
vn 0.6616 -0.5529 0.5065
vn 0.9143 -0.3567 0.1916
vn 0.9802 -0.1182 0.1590
vn 0.4427 -0.4019 0.8016
vn 0.4269 -0.1418 0.8931
vn 0.6003 -0.1885 0.7772
vn -0.3804 -0.1432 -0.9136
vn -0.4158 -0.1565 -0.8959
vn 0.4572 -0.0430 -0.8883
vn 0.4096 0.1024 -0.9065
vn -0.8599 -0.4166 0.2951
vn -0.7182 -0.6221 0.3118
vn -0.8798 -0.4538 -0.1415
vn -0.8503 -0.4302 -0.3034
vn -0.8897 -0.3644 -0.2749
vn 0.9225 0.2526 -0.2918
vn 0.9612 0.0419 -0.2727
vn 0.9620 0.0296 0.2716
vn 0.9234 0.2498 0.2914
vn -0.8981 -0.3185 0.3035
vn -0.9197 -0.2440 0.3077
vn -0.9305 -0.2225 -0.2910
vn -0.9005 -0.3142 -0.3006
vn 0.4157 0.0956 0.9045
vn 0.4724 -0.0786 0.8779
vn -0.3591 -0.1963 0.9124
vn -0.3686 -0.1500 0.9174
vn 0.4267 -0.1960 0.8829
vn 0.2135 -0.4028 0.8900
vn -0.1141 -0.4892 0.8646
vn -0.3198 -0.3639 0.8748
vn -0.4383 -0.2768 -0.8551
vn -0.3945 -0.2886 -0.8724
vn 0.4293 -0.0677 -0.9006
vn 0.4345 -0.0972 -0.8954
vn 0.9613 0.0339 -0.2733
vn 0.9606 0.0446 -0.2744
vn 0.9708 -0.0334 0.2377
vn 0.9628 0.0038 0.2701
vn 0.9282 0.0388 -0.3700
vn 0.9114 -0.0064 -0.4115
vn 0.9960 -0.0528 -0.0723
vn 0.9990 -0.0075 -0.0448
vn -0.3360 -0.0277 -0.9414
vn -0.3182 0.2174 -0.9228
vn 0.3923 0.1978 -0.8983
vn 0.4227 0.0867 -0.9021
vn 0.9536 0.0356 -0.2988
vn 0.9401 0.0531 -0.3367
vn 0.9993 -0.0318 -0.0214
vn 0.9464 -0.2844 0.1530
vn -0.9588 -0.1808 -0.2192
vn -0.9842 0.0301 -0.1746
vn -0.8963 0.0933 -0.4335
vn -0.8836 -0.1921 -0.4271
vn -0.9960 0.0741 -0.0495
vn -0.9990 0.0090 -0.0441
vn -0.9259 0.0105 -0.3776
vn -0.9185 0.1122 -0.3791
vn -0.9898 0.0595 -0.1294
vn -0.3515 0.1789 -0.9189
vn -0.3596 0.0503 -0.9318
vn 0.3364 0.0505 -0.9404
vn 0.3602 0.1488 -0.9209
vn -0.4793 -0.7913 -0.3797
vn -0.4482 -0.8887 -0.0971
vn 0.4467 -0.8892 -0.0991
vn 0.4639 -0.7915 -0.3980
vn -0.3503 -0.1002 -0.9313
vn -0.3882 -0.3326 -0.8595
vn 0.3693 -0.3366 -0.8662
vn 0.3336 -0.1033 -0.9371
vn 0.8909 -0.0850 -0.4461
vn 0.9062 -0.1605 -0.3913
vn 0.9703 -0.1360 -0.2002
vn 0.9839 -0.1199 -0.1326
vn -0.9991 -0.0021 -0.0431
vn -0.9995 -0.0071 -0.0301
vn -0.9624 -0.0912 -0.2561
vn -0.9282 -0.0337 -0.3706
vn 0.8490 0.4728 -0.2358
vn 0.6593 0.7102 -0.2468
vn 0.9043 0.4220 -0.0651
vn 0.9416 0.3125 -0.1253
vn 0.9470 -0.1187 -0.2984
vn 0.9541 0.1316 -0.2690
vn 0.9687 0.0888 -0.2317
vn 0.9662 -0.0682 -0.2486
vn -0.9999 -0.0078 -0.0151
vn -0.9999 0.0101 -0.0130
vn -0.9906 0.0969 -0.0968
vn -0.9896 -0.0849 -0.1159
vn -0.9497 0.3130 -0.0108
vn -0.9165 0.3930 0.0751
vn -0.9241 -0.3777 0.0589
vn -0.9490 -0.3154 -0.0017
vn 0.9666 -0.2027 -0.1569
vn 0.9651 -0.2614 -0.0130
vn 0.9665 0.2512 -0.0522
vn 0.9702 0.1935 -0.1460
vn -0.9795 0.1841 -0.0821
vn -0.9670 0.2507 -0.0447
vn -0.9661 -0.2581 -0.0054
vn -0.9794 -0.1835 -0.0845
vn 0.4590 0.8498 -0.2592
vn 0.4576 0.8631 -0.2138
vn -0.4588 0.8629 -0.2119
vn -0.4719 0.8470 -0.2449
vn 0.2653 0.9341 0.2387
vn 0.2381 0.8720 0.4277
vn -0.2381 0.8720 0.4277
vn -0.2653 0.9341 0.2387
vn 0.3967 0.9091 -0.1273
vn 0.3202 0.9470 -0.0257
vn -0.3202 0.9470 -0.0257
vn -0.3967 0.9091 -0.1273
vn 0.9490 -0.3154 -0.0017
vn 0.9241 -0.3777 0.0589
vn 0.9165 0.3930 0.0751
vn 0.9497 0.3130 -0.0108
vn -0.3812 -0.9199 -0.0921
vn -0.3166 -0.9471 -0.0515
vn 0.3166 -0.9471 -0.0515
vn 0.3812 -0.9199 -0.0921
vn -0.8858 0.4579 0.0757
vn -0.7162 0.3423 -0.6081
vn -0.7162 -0.3423 -0.6081
vn -0.8858 -0.4579 0.0757
vn 0.8536 -0.4059 0.3266
vn 0.7629 -0.3904 0.5154
vn 0.7574 0.3913 0.5228
vn 0.8335 0.4223 0.3563
vn -0.2732 -0.9455 0.1770
vn -0.2410 -0.8795 0.4103
vn 0.2410 -0.8795 0.4103
vn 0.2732 -0.9455 0.1770
vn -0.8335 0.4223 0.3563
vn -0.7574 0.3913 0.5228
vn -0.7629 -0.3904 0.5154
vn -0.8536 -0.4059 0.3266
vn -0.1462 -0.2014 -0.9685
vn -0.1462 0.2014 -0.9685
vn 0.1462 0.2014 -0.9685
vn 0.1462 -0.2014 -0.9685
vn 0.2623 0.9631 0.0597
vn 0.2096 0.8324 -0.5130
vn -0.2096 0.8324 -0.5130
vn -0.2623 0.9631 0.0597
vn 0.8858 -0.4579 0.0757
vn 0.7162 -0.3423 -0.6081
vn 0.7162 0.3423 -0.6081
vn 0.8858 0.4579 0.0757
vn -0.2623 -0.9631 0.0597
vn -0.2096 -0.8324 -0.5130
vn 0.2096 -0.8324 -0.5130
vn 0.2623 -0.9631 0.0597
vn 0.7282 0.4330 -0.5313
vn 0.7284 -0.2983 -0.6168
vn 0.9322 -0.3462 -0.1053
vn 0.9711 0.2144 -0.1047
vn -0.9994 0.0195 -0.0271
vn -0.9984 0.0208 -0.0518
vn -0.7987 0.5325 -0.2802
vn -0.9410 0.2933 -0.1688
vn -0.3585 0.8924 -0.2738
vn -0.1298 0.9784 -0.1610
vn 0.1240 0.9799 -0.1562
vn 0.3401 0.8995 -0.2742
vn -0.8147 -0.5533 -0.1735
vn -0.8026 -0.4363 -0.4068
vn -0.7013 -0.2996 -0.6469
vn -0.6427 -0.4563 -0.6154
vn -0.9958 -0.0386 -0.0832
vn -0.9303 -0.3518 -0.1039
vn -0.7247 -0.2738 -0.6324
vn -0.7747 0.3259 -0.5419
vn -0.1503 0.7528 -0.6409
vn -0.1797 -0.1917 -0.9649
vn 0.1896 -0.2066 -0.9599
vn 0.1494 0.7560 -0.6373
vn -0.1668 -0.3925 -0.9045
vn -0.2054 -0.2829 -0.9369
vn 0.0004 -0.2808 -0.9598
vn 0.1812 -0.3807 -0.9068
vn 0.1830 -0.4360 -0.8811
vn 0.6281 -0.5512 -0.5492
vn 0.6050 -0.5845 -0.5407
vn 0.7273 -0.6534 -0.2099
vn 0.7788 -0.6135 -0.1308
vn 0.4800 0.6852 -0.5478
vn 0.6083 0.6246 -0.4897
vn 0.6938 0.7054 -0.1450
vn 0.8304 0.5384 -0.1433
vn 0.9010 0.2235 -0.3718
vn 0.9753 0.2180 0.0350
vn -0.9766 0.0402 -0.2111
vn -0.9454 0.3149 -0.0842
vn -0.8392 0.3149 -0.4433
vn -0.5811 0.2611 -0.7708
vn -0.6585 0.1503 -0.7374
vn -0.7309 -0.0338 -0.6816
vn 0.5992 0.3143 -0.7363
vn 0.6789 0.3906 -0.6217
vn 0.7102 0.6504 -0.2695
vn 0.5354 0.5234 -0.6628
vn 0.3447 0.1340 -0.9291
vn 0.4228 0.3217 -0.8472
vn 0.9275 0.3615 -0.0951
vn 0.9276 0.2750 -0.2528
vn 0.9084 0.3828 0.1683
vn 0.8868 0.4274 0.1761
vn 0.8595 0.4913 0.1409
vn 0.9304 0.3630 -0.0516
vn 0.8565 0.5133 0.0552
vn 0.9036 0.4241 0.0597
vn 0.8985 0.4245 -0.1118
vn 0.8468 0.5108 -0.1480
vn 0.7882 0.3818 -0.4827
vn 0.8129 0.4827 -0.3260
vn 0.8458 0.4245 -0.3232
vn 0.7567 0.3615 -0.5447
vn 0.9446 0.2017 -0.2590
vn 0.9302 0.3502 -0.1101
vn 0.9319 0.3593 0.0501
vn 0.9699 0.2205 0.1034
vn 0.9375 0.3231 -0.1290
vn 0.8341 0.5517 -0.0041
vn 0.8110 0.5532 -0.1907
vn 0.8736 0.3565 -0.3312
vn -0.7968 -0.0896 -0.5976
vn -0.8189 0.1802 -0.5450
vn -0.1871 -0.9402 0.2846
vn -0.6976 -0.6014 -0.3895
vn -0.8462 0.3621 -0.3908
vn -0.8888 0.4442 -0.1128
vn -0.0362 0.7865 -0.6166
vn -0.1381 0.7235 -0.6764
vn -0.2624 0.9316 -0.2517
vn -0.3951 0.9097 -0.1276
vn -0.0485 0.9836 -0.1735
vn 0.1884 0.9649 -0.1829
vn 0.1077 0.8416 -0.5293
vn 0.0133 0.0356 -0.9993
vn -0.1697 0.0193 -0.9853
vn -0.1016 0.0685 -0.9925
vn -0.0708 0.2196 -0.9730
vn 0.0390 0.2440 -0.9690
vn 0.0315 0.3145 -0.9487
vn -0.0777 0.3250 -0.9425
vn -0.0661 -0.0671 -0.9956
vn 0.0569 -0.0924 -0.9941
vn 0.9395 -0.0615 -0.3370
vn 0.9071 -0.3135 -0.2808
vn 0.9833 -0.0743 -0.1663
vn 0.2209 -0.1306 -0.9665
vn 0.9306 -0.0575 -0.3615
vn 0.2733 -0.3559 -0.8937
vn 0.6616 -0.5529 -0.5065
vn 0.9802 -0.1182 -0.1590
vn 0.9143 -0.3567 -0.1916
vn 0.4427 -0.4019 -0.8016
vn 0.6003 -0.1885 -0.7772
vn 0.4269 -0.1418 -0.8931
vn 0.6644 0.2829 -0.6918
vn 0.5992 0.3143 0.7363
vn -0.9996 -0.0287 -0.0000
vn -0.3693 0.3366 0.8662
vn -0.0000 -0.0000 1.0000
vn -0.3364 -0.0505 0.9404
vn 0.8503 0.4302 0.3034
vn 0.8897 0.3637 0.2761
vn 0.3108 0.3658 -0.8773
vn 0.4295 0.2756 0.8600
vn 0.3917 0.2898 0.8733
vn -0.3055 0.1327 0.9429
vn -0.9340 -0.0500 0.3536
vn -0.9120 0.0058 0.4102
vn -0.9972 0.0446 0.0601
vn -0.9990 0.0059 0.0434
vn -0.3923 -0.1978 0.8983
vn 0.8836 0.1921 0.4271
vn -0.4968 0.7537 0.4304
vn -0.8929 0.0834 0.4424
vn -0.9092 0.1579 0.3853
vn -0.9689 0.1345 0.2075
vn -0.9842 0.1268 0.1239
vn -0.9683 -0.0842 0.2350
vn -0.9641 0.0687 0.2567
vn -0.4227 -0.0867 0.9021
vn -0.8034 -0.5344 0.2628
vn -0.7206 -0.6773 0.1486
vn -0.8715 -0.4671 -0.1494
vn -0.8159 -0.4586 -0.3521
vn -0.8282 -0.4839 -0.2826
vn 0.4066 -0.2551 0.8773
vn 0.3526 -0.5926 0.7242
vn -0.1855 -0.7146 0.6745
vn -0.2902 -0.4453 0.8471
vn -0.3785 -0.3729 -0.8472
vn -0.3427 -0.2971 -0.8912
vn 0.3875 -0.0905 -0.9174
vn 0.3934 -0.1748 -0.9026
vn 0.9455 -0.0163 -0.3253
vn 0.9387 0.0207 -0.3440
vn 0.9859 -0.1166 0.1202
vn 0.9636 -0.0482 0.2630
vn 0.9004 0.0461 -0.4326
vn 0.8822 -0.0002 -0.4709
vn 0.9963 -0.0420 -0.0756
vn 0.9980 -0.0064 -0.0633
vn -0.2984 -0.0240 -0.9541
vn -0.2800 0.2233 -0.9337
vn 0.3499 0.2046 -0.9142
vn 0.3779 0.0816 -0.9222
vn 0.9284 0.0375 -0.3696
vn 0.9145 0.0601 -0.4002
vn 0.9984 -0.0131 -0.0542
vn 0.9938 -0.1110 0.0036
vn -0.9632 -0.1893 -0.1911
vn -0.9899 0.0102 -0.1414
vn -0.8658 0.1017 -0.4900
vn -0.8551 -0.1943 -0.4807
vn -0.9990 0.0296 -0.0337
vn -0.9985 -0.0066 -0.0541
vn -0.9015 0.0068 -0.4327
vn -0.8916 0.1343 -0.4325
vn -0.9949 0.0406 -0.0918
vn -0.3082 0.1910 -0.9320
vn -0.3199 0.0624 -0.9454
vn 0.2972 0.0626 -0.9528
vn 0.3209 0.1571 -0.9340
vn -0.4397 -0.8150 -0.3773
vn -0.4249 -0.9009 -0.0883
vn 0.4221 -0.9022 -0.0890
vn 0.4209 -0.8163 -0.3955
vn -0.3114 -0.0807 -0.9469
vn -0.3419 -0.3160 -0.8850
vn 0.3153 -0.3204 -0.8933
vn 0.2887 -0.0830 -0.9538
vn 0.8644 -0.0815 -0.4962
vn 0.8890 -0.1618 -0.4284
vn 0.9882 -0.1031 -0.1137
vn 0.9927 -0.0867 -0.0834
vn -0.9981 -0.0118 -0.0603
vn -0.9988 -0.0105 -0.0469
vn -0.9418 -0.1055 -0.3193
vn -0.8995 -0.0398 -0.4351
vn 0.9510 0.2931 -0.0987
vn 0.8214 0.4852 -0.2999
vn 0.5917 0.8052 0.0407
vn 0.9402 -0.1167 -0.3199
vn 0.9532 0.1994 -0.2274
vn 0.9901 0.0414 -0.1343
vn 0.9912 -0.0458 -0.1241
vn -0.9995 -0.0030 -0.0299
vn -0.9994 0.0163 -0.0308
vn -0.9830 0.1178 -0.1411
vn -0.9826 -0.0895 -0.1629
vn -0.9479 0.3166 -0.0341
vn -0.9217 0.3846 0.0516
vn -0.9257 -0.3768 0.0344
vn -0.9451 -0.3261 -0.0212
vn 0.9585 -0.2152 -0.1870
vn 0.9605 -0.2775 -0.0224
vn 0.9606 0.2683 -0.0725
vn 0.9601 0.2181 -0.1750
vn -0.9712 0.2090 -0.1145
vn -0.9611 0.2676 -0.0682
vn -0.9613 -0.2750 -0.0185
vn -0.9729 -0.1994 -0.1174
vn 0.4208 0.8645 -0.2750
vn 0.4307 0.8699 -0.2405
vn -0.4339 0.8686 -0.2393
vn 0.2742 0.9370 0.2162
vn 0.2002 0.7217 0.6626
vn -0.2002 0.7217 0.6626
vn -0.2742 0.9370 0.2162
vn 0.3869 0.9087 -0.1565
vn 0.3251 0.9440 -0.0564
vn -0.3252 0.9440 -0.0564
vn -0.3873 0.9085 -0.1568
vn 0.9452 -0.3259 -0.0199
vn 0.9257 -0.3768 0.0346
vn 0.9216 0.3846 0.0518
vn 0.9480 0.3166 -0.0329
vn -0.3723 -0.9217 -0.1084
vn -0.3198 -0.9440 -0.0814
vn 0.3197 -0.9440 -0.0814
vn 0.3719 -0.9220 -0.1081
vn 0.8598 -0.3985 0.3193
vn 0.5849 -0.2929 0.7564
vn 0.5700 0.2907 0.7685
vn 0.8387 0.4122 0.3558
vn -0.2815 -0.9489 0.1427
vn -0.2097 -0.7514 0.6256
vn 0.2097 -0.7514 0.6256
vn 0.2815 -0.9489 0.1427
vn -0.8387 0.4122 0.3558
vn -0.5700 0.2907 0.7685
vn -0.5849 -0.2929 0.7564
vn -0.8598 -0.3985 0.3193
vn -0.9985 0.0154 -0.0534
vn -0.9967 0.0110 -0.0805
vn -0.7488 0.5972 -0.2874
vn -0.9176 0.3341 -0.2152
vn -0.3438 0.8995 -0.2696
vn -0.1346 0.9884 -0.0707
vn 0.1257 0.9921 0.0017
vn 0.3000 0.9140 -0.2733
vn -0.9929 0.0687 -0.0970
vn -0.9294 0.3568 -0.0946
vn -0.7287 0.3251 -0.6027
vn -0.7271 0.4444 -0.5233
vn -0.1610 0.8465 -0.5075
vn -0.2320 0.1213 -0.9651
vn -0.0013 -0.0495 -0.9988
vn 0.1203 0.5701 -0.8127
vn -0.9506 -0.1064 -0.2917
vn -0.9797 0.0457 -0.1950
vn -0.6236 -0.7816 0.0134
vn -0.8279 -0.4879 -0.2767
vn -0.9840 0.1284 -0.1236
vn -0.9863 0.1633 -0.0217
vn 0.9588 0.1808 0.2192
vn 0.3182 -0.2174 0.9228
vn 0.9842 -0.0301 0.1746
vn 0.8963 -0.0933 0.4335
vn 0.9187 -0.1124 0.3786
vn 0.3515 -0.1789 0.9189
vn 0.3596 -0.0503 0.9318
vn 0.3503 0.1002 0.9313
vn 0.3882 0.3326 0.8595
vn -0.3336 0.1033 0.9371
vn 0.9794 0.1835 0.0845
vn 0.8778 0.4534 0.1544
vn 0.7540 0.6429 -0.1347
vn -0.4152 0.2332 -0.8793
vn 0.2730 0.7332 -0.6228
vn -0.3494 0.6185 -0.7038
vn -0.4196 0.0895 0.9033
vn -0.4276 0.0664 0.9015
vn -0.9574 -0.0761 0.2787
vn -0.9602 -0.0117 -0.2790
vn -0.9885 0.0861 -0.1243
vn -0.9568 -0.0443 0.2873
vn -0.9499 -0.0444 0.3095
vn -0.9959 0.0886 -0.0192
vn -0.9994 0.0060 0.0345
vn -0.9392 -0.0558 0.3387
vn 0.9959 -0.0803 0.0409
vn 0.9898 -0.0599 0.1289
vn 0.9261 -0.0107 0.3772
vn 0.9990 -0.0091 0.0435
vn -0.9926 0.0919 0.0798
vn -0.9901 0.1042 0.0936
vn 0.9623 0.0908 0.2564
vn 0.9995 0.0073 0.0310
vn -0.9733 -0.1450 0.1782
vn -0.7062 -0.6895 0.1610
vn -0.9309 0.1629 0.3269
vn -0.9930 0.0554 0.1041
vn -0.9472 -0.1314 0.2924
vn 0.9850 0.1042 0.1378
vn 0.9905 -0.0957 0.0984
vn 0.9999 -0.0092 0.0144
vn -0.9664 0.2033 0.1576
vn -0.9697 -0.1976 0.1434
vn -0.4586 -0.8499 0.2594
vn -0.2639 -0.9299 -0.2562
vn 0.2639 -0.9299 -0.2562
vn 0.1308 -0.4810 -0.8669
vn -0.1308 -0.4810 -0.8669
vn -0.8475 0.4021 -0.3466
vn -0.8252 -0.4191 -0.3786
vn -0.3685 -0.1926 -0.9094
vn -0.3867 0.1954 -0.9013
vn 0.2727 0.9434 -0.1889
vn -0.2727 0.9434 -0.1889
vn -0.1451 0.5271 -0.8373
vn 0.1451 0.5271 -0.8373
vn 0.8252 -0.4191 -0.3786
vn 0.8475 0.4021 -0.3466
vn 0.3867 0.1954 -0.9013
vn 0.3685 -0.1926 -0.9094
vn 0.9993 -0.0213 0.0307
vn -0.1696 -0.9784 0.1185
vn 0.1222 -0.9797 0.1588
vn 0.9967 0.0126 0.0803
vn 0.7653 -0.4671 0.4428
vn 0.7287 0.3038 0.6137
vn 0.9341 0.3471 0.0836
vn 0.1533 -0.7773 0.6102
vn -0.1753 -0.2198 0.9597
vn 0.2022 0.2194 0.9545
vn 0.8520 0.0899 0.5157
vn 0.8775 -0.1485 0.4560
vn 0.6039 0.7970 -0.0106
vn 0.7576 0.5466 0.3566
vn 0.8970 -0.3030 0.3219
vn 0.9241 -0.3731 0.0825
vn -0.7301 -0.6437 0.2294
vn -0.7352 -0.6389 -0.2266
vn -0.3397 -0.5333 -0.7747
vn 0.3982 -0.3702 -0.8393
vn -0.4160 -0.0883 0.9051
vn 0.9264 -0.2335 -0.2954
vn 0.9313 -0.2426 0.2718
vn -0.9170 -0.2562 -0.3056
vn -0.9261 -0.2551 0.2780
vn 0.3886 -0.4117 0.8244
vn -0.3037 -0.5954 0.7439
vn -0.0894 0.1781 -0.9800
vn -0.4099 0.0540 -0.9106
vn 0.2476 -0.9025 0.3523
vn -0.2476 -0.9025 0.3523
vn -0.1608 -0.5891 -0.7919
vn 0.1608 -0.5891 -0.7919
vn -0.2476 0.9025 0.3523
vn 0.2476 0.9025 0.3523
vn 0.1608 0.5892 -0.7918
vn -0.1608 0.5892 -0.7918
vn 0.7851 0.4025 0.4708
vn 0.7851 -0.4025 0.4707
vn 0.4721 -0.2432 -0.8473
vn 0.4722 0.2432 -0.8473
vn -0.7851 -0.4025 0.4707
vn -0.7851 0.4025 0.4708
vn -0.4722 0.2432 -0.8473
vn -0.4721 -0.2432 -0.8473
vn -0.3074 0.9197 -0.2443
vn -0.4019 0.9149 -0.0387
vn 0.3469 0.8899 0.2963
vn 0.0313 0.9686 -0.2467
vn -0.0951 0.9208 -0.3783
vn 0.1401 0.8278 0.5433
vn 0.0609 0.8349 0.5470
vn 0.5844 0.3295 -0.7416
vn 0.2977 0.6772 -0.6729
vn 0.1437 0.5671 0.8110
vn -0.1438 0.1469 0.9786
vn -0.7576 0.4741 0.4486
vn 0.6599 0.7354 0.1539
vn -0.5743 0.1975 0.7945
vn -0.7459 0.4687 0.4732
vn -0.9738 -0.0534 0.2209
vn 0.9283 0.0336 0.3703
vn -0.4427 0.8580 -0.2603
vn -0.9507 0.1166 0.2875
vn 0.5209 0.7443 0.4179
vn -0.4413 0.1859 -0.8779
vn 0.3309 0.4316 -0.8392
vn -0.9216 -0.0269 0.3872
vn 0.7577 -0.3769 0.5328
vn -0.0831 -0.5572 0.8262
vn 0.7555 0.5467 0.3611
vn 0.3360 0.0277 0.9414
vn -0.9741 -0.0535 0.2199
vn 0.9724 -0.2296 0.0426
vn -0.1471 -0.9778 0.1496
vn 0.7521 0.6348 -0.1772
vn 0.4286 0.1641 0.8885
vn 0.3480 0.1526 0.9250
vn 0.8606 0.4198 -0.2881
vn 0.3391 0.2127 -0.9164
vn -0.9438 -0.2976 0.1437
vn -0.3414 -0.1359 0.9300
vn 0.0559 0.2370 0.9699
vn 0.1206 0.2174 0.9686
vn 0.9992 0.0145 0.0383
vn 0.8829 0.4478 0.1410
vn 0.2100 0.1868 0.9597
vn 0.4583 0.8875 0.0473
vn 0.5024 0.8027 0.3213
vn -0.8441 0.5283 0.0919
vn -0.9650 -0.1410 0.2210
vn 0.9650 0.1410 -0.2210
vn 0.4937 0.7889 0.3659
vn -0.4937 -0.7889 -0.3659
vn -0.8947 -0.0195 0.4462
vn 0.9173 -0.0242 -0.3974
vn -0.9173 0.0242 0.3974
vn 0.1899 -0.1188 -0.9746
vn 0.6135 -0.3840 -0.6901
vn -0.1379 0.0863 -0.9867
vn 0.8947 0.0195 -0.4462
vn -0.1023 -0.8758 -0.4717
vn -0.5536 -0.0540 0.8310
vn 0.9884 -0.1074 -0.1075
vn 0.9135 0.0509 -0.4035
vn 0.9990 0.0022 0.0440
vn 0.9999 0.0071 0.0151
vn -0.0644 -0.8105 0.5822
vn -0.9971 -0.0436 0.0618
vn 0.9992 0.0295 -0.0279
vn -0.3693 0.3366 -0.8662
vn -0.3364 -0.0505 -0.9404
vn 0.8503 0.4302 -0.3034
vn 0.8897 0.3637 -0.2761
vn 0.3108 0.3658 0.8773
vn 0.4295 0.2756 -0.8600
vn 0.3917 0.2898 -0.8733
vn -0.3055 0.1327 -0.9429
vn -0.9340 -0.0500 -0.3536
vn -0.9120 0.0058 -0.4102
vn -0.9972 0.0446 -0.0601
vn -0.9990 0.0059 -0.0434
vn -0.3923 -0.1978 -0.8983
vn 0.8836 0.1921 -0.4271
vn -0.4968 0.7537 -0.4304
vn -0.8929 0.0834 -0.4424
vn -0.9092 0.1579 -0.3853
vn -0.9689 0.1345 -0.2075
vn -0.9842 0.1268 -0.1239
vn -0.9683 -0.0842 -0.2350
vn -0.9641 0.0687 -0.2567
vn -0.4227 -0.0867 -0.9021
vn -0.8034 -0.5344 -0.2628
vn -0.7206 -0.6773 -0.1486
vn -0.8715 -0.4671 0.1494
vn -0.8159 -0.4586 0.3521
vn -0.8282 -0.4839 0.2826
vn 0.4066 -0.2551 -0.8773
vn 0.3526 -0.5926 -0.7242
vn -0.1855 -0.7146 -0.6745
vn -0.2902 -0.4453 -0.8471
vn -0.3785 -0.3729 0.8472
vn -0.3427 -0.2971 0.8912
vn 0.3875 -0.0905 0.9174
vn 0.3934 -0.1748 0.9026
vn 0.9455 -0.0163 0.3253
vn 0.9387 0.0207 0.3440
vn 0.9859 -0.1166 -0.1202
vn 0.9636 -0.0482 -0.2630
vn 0.9004 0.0461 0.4326
vn 0.8822 -0.0002 0.4709
vn 0.9963 -0.0420 0.0756
vn 0.9980 -0.0064 0.0633
vn -0.2984 -0.0240 0.9541
vn -0.2800 0.2233 0.9337
vn 0.3499 0.2046 0.9142
vn 0.3779 0.0816 0.9222
vn 0.9284 0.0375 0.3696
vn 0.9145 0.0601 0.4002
vn 0.9984 -0.0131 0.0542
vn 0.9938 -0.1110 -0.0036
vn -0.9632 -0.1893 0.1911
vn -0.9899 0.0102 0.1414
vn -0.8658 0.1017 0.4900
vn -0.8551 -0.1943 0.4807
vn -0.9990 0.0296 0.0337
vn -0.9985 -0.0066 0.0541
vn -0.9015 0.0068 0.4327
vn -0.8916 0.1343 0.4325
vn -0.9949 0.0406 0.0918
vn -0.3082 0.1910 0.9320
vn -0.3199 0.0624 0.9454
vn 0.2972 0.0626 0.9528
vn 0.3209 0.1571 0.9340
vn -0.4397 -0.8150 0.3773
vn -0.4249 -0.9009 0.0883
vn 0.4221 -0.9022 0.0890
vn 0.4209 -0.8163 0.3955
vn -0.3114 -0.0807 0.9469
vn -0.3419 -0.3160 0.8850
vn 0.3153 -0.3204 0.8933
vn 0.2887 -0.0830 0.9538
vn 0.8644 -0.0815 0.4962
vn 0.8890 -0.1618 0.4284
vn 0.9882 -0.1031 0.1137
vn 0.9927 -0.0867 0.0834
vn -0.9981 -0.0118 0.0603
vn -0.9988 -0.0105 0.0469
vn -0.9418 -0.1055 0.3193
vn -0.8995 -0.0398 0.4351
vn 0.9510 0.2931 0.0987
vn 0.8214 0.4852 0.2999
vn 0.5917 0.8052 -0.0407
vn 0.9402 -0.1167 0.3199
vn 0.9532 0.1994 0.2274
vn 0.9901 0.0414 0.1343
vn 0.9912 -0.0458 0.1241
vn -0.9995 -0.0030 0.0299
vn -0.9994 0.0163 0.0308
vn -0.9830 0.1178 0.1411
vn -0.9826 -0.0895 0.1629
vn -0.9479 0.3166 0.0341
vn -0.9217 0.3846 -0.0516
vn -0.9257 -0.3768 -0.0344
vn -0.9451 -0.3261 0.0212
vn 0.9585 -0.2152 0.1870
vn 0.9605 -0.2775 0.0224
vn 0.9606 0.2683 0.0725
vn 0.9601 0.2181 0.1750
vn -0.9712 0.2090 0.1145
vn -0.9611 0.2676 0.0682
vn -0.9613 -0.2750 0.0185
vn -0.9729 -0.1994 0.1174
vn 0.4208 0.8645 0.2750
vn 0.4307 0.8699 0.2405
vn -0.4339 0.8686 0.2393
vn 0.2742 0.9370 -0.2162
vn 0.2002 0.7217 -0.6626
vn -0.2002 0.7217 -0.6626
vn -0.2742 0.9370 -0.2162
vn 0.3869 0.9087 0.1565
vn 0.3251 0.9440 0.0564
vn -0.3252 0.9440 0.0564
vn -0.3873 0.9085 0.1568
vn 0.9452 -0.3259 0.0199
vn 0.9257 -0.3768 -0.0346
vn 0.9216 0.3846 -0.0518
vn 0.9480 0.3166 0.0329
vn -0.3723 -0.9217 0.1084
vn -0.3198 -0.9440 0.0814
vn 0.3197 -0.9440 0.0814
vn 0.3719 -0.9220 0.1081
vn 0.8598 -0.3985 -0.3193
vn 0.5849 -0.2929 -0.7564
vn 0.5700 0.2907 -0.7685
vn 0.8387 0.4122 -0.3558
vn -0.2815 -0.9489 -0.1427
vn -0.2097 -0.7514 -0.6256
vn 0.2097 -0.7514 -0.6256
vn 0.2815 -0.9489 -0.1427
vn -0.8387 0.4122 -0.3558
vn -0.5700 0.2907 -0.7685
vn -0.5849 -0.2929 -0.7564
vn -0.8598 -0.3985 -0.3193
vn -0.9985 0.0154 0.0534
vn -0.9967 0.0110 0.0805
vn -0.7488 0.5972 0.2874
vn -0.9176 0.3341 0.2152
vn -0.3438 0.8995 0.2696
vn -0.1346 0.9884 0.0707
vn 0.1257 0.9921 -0.0017
vn 0.3000 0.9140 0.2733
vn -0.9929 0.0687 0.0970
vn -0.9294 0.3568 0.0946
vn -0.7287 0.3251 0.6027
vn -0.7271 0.4444 0.5233
vn -0.1610 0.8465 0.5075
vn -0.2320 0.1213 0.9651
vn -0.0013 -0.0495 0.9988
vn 0.1203 0.5701 0.8127
vn -0.9506 -0.1064 0.2917
vn -0.9797 0.0457 0.1950
vn -0.6236 -0.7816 -0.0134
vn -0.8279 -0.4879 0.2767
vn -0.9840 0.1284 0.1236
vn -0.9863 0.1633 0.0217
vn 0.9588 0.1808 -0.2192
vn 0.3182 -0.2174 -0.9228
vn 0.9842 -0.0301 -0.1746
vn 0.8963 -0.0933 -0.4335
vn 0.9187 -0.1124 -0.3786
vn 0.3515 -0.1789 -0.9189
vn 0.3596 -0.0503 -0.9318
vn 0.3503 0.1002 -0.9313
vn 0.3882 0.3326 -0.8595
vn -0.3336 0.1033 -0.9371
vn 0.9794 0.1835 -0.0845
vn 0.8778 0.4534 -0.1544
vn 0.7540 0.6429 0.1347
vn -0.4152 0.2332 0.8793
vn 0.2730 0.7332 0.6228
vn -0.3494 0.6185 0.7038
vn -0.4196 0.0895 -0.9033
vn -0.4276 0.0664 -0.9015
vn -0.9574 -0.0761 -0.2787
vn -0.9602 -0.0117 0.2790
vn -0.9885 0.0861 0.1243
vn -0.9568 -0.0443 -0.2873
vn -0.9499 -0.0444 -0.3095
vn -0.9959 0.0886 0.0192
vn -0.9994 0.0060 -0.0345
vn -0.9392 -0.0558 -0.3387
vn 0.9959 -0.0803 -0.0409
vn 0.9898 -0.0599 -0.1289
vn 0.9261 -0.0107 -0.3772
vn 0.9990 -0.0091 -0.0435
vn -0.9926 0.0919 -0.0798
vn -0.9901 0.1042 -0.0936
vn 0.9623 0.0908 -0.2564
vn 0.9995 0.0073 -0.0310
vn -0.9733 -0.1450 -0.1782
vn -0.7062 -0.6895 -0.1610
vn -0.9309 0.1629 -0.3269
vn -0.9930 0.0554 -0.1041
vn -0.9472 -0.1314 -0.2924
vn 0.9850 0.1042 -0.1378
vn 0.9905 -0.0957 -0.0984
vn 0.9999 -0.0092 -0.0144
vn -0.9664 0.2033 -0.1576
vn -0.9697 -0.1976 -0.1434
vn -0.4586 -0.8499 -0.2594
vn -0.2639 -0.9299 0.2562
vn 0.2639 -0.9299 0.2562
vn 0.1308 -0.4810 0.8669
vn -0.1308 -0.4810 0.8669
vn -0.8475 0.4021 0.3466
vn -0.8252 -0.4191 0.3786
vn -0.3685 -0.1926 0.9094
vn -0.3867 0.1954 0.9013
vn 0.2727 0.9434 0.1889
vn -0.2727 0.9434 0.1889
vn -0.1451 0.5271 0.8373
vn 0.1451 0.5271 0.8373
vn 0.8252 -0.4191 0.3786
vn 0.8475 0.4021 0.3466
vn 0.3867 0.1954 0.9013
vn 0.3685 -0.1926 0.9094
vn 0.9993 -0.0213 -0.0307
vn -0.1696 -0.9784 -0.1185
vn 0.1222 -0.9797 -0.1588
vn 0.9967 0.0126 -0.0803
vn 0.7653 -0.4671 -0.4428
vn 0.7287 0.3038 -0.6137
vn 0.9341 0.3471 -0.0836
vn 0.1533 -0.7773 -0.6102
vn -0.1753 -0.2198 -0.9597
vn 0.2022 0.2194 -0.9545
vn 0.8520 0.0899 -0.5157
vn 0.8775 -0.1485 -0.4560
vn 0.6039 0.7970 0.0106
vn 0.7576 0.5466 -0.3566
vn 0.8970 -0.3030 -0.3219
vn 0.9241 -0.3731 -0.0825
vn -0.7301 -0.6437 -0.2294
vn -0.7352 -0.6389 0.2266
vn -0.3397 -0.5333 0.7747
vn 0.3982 -0.3702 0.8393
vn -0.4160 -0.0883 -0.9051
vn 0.9264 -0.2335 0.2954
vn 0.9313 -0.2426 -0.2718
vn -0.9170 -0.2562 0.3056
vn -0.9261 -0.2551 -0.2780
vn 0.3886 -0.4117 -0.8244
vn -0.3037 -0.5954 -0.7439
vn -0.0894 0.1781 0.9800
vn -0.4099 0.0540 0.9106
vn 0.2476 -0.9025 -0.3523
vn -0.2476 -0.9025 -0.3523
vn -0.1608 -0.5891 0.7919
vn 0.1608 -0.5891 0.7919
vn -0.2476 0.9025 -0.3523
vn 0.2476 0.9025 -0.3523
vn 0.1608 0.5892 0.7918
vn -0.1608 0.5892 0.7918
vn 0.7851 0.4025 -0.4708
vn 0.7851 -0.4025 -0.4707
vn 0.4721 -0.2432 0.8473
vn 0.4722 0.2432 0.8473
vn -0.7851 -0.4025 -0.4707
vn -0.7851 0.4025 -0.4708
vn -0.4722 0.2432 0.8473
vn -0.4721 -0.2432 0.8473
vn -0.3074 0.9197 0.2443
vn -0.4019 0.9149 0.0387
vn 0.3469 0.8899 -0.2963
vn 0.0313 0.9686 0.2467
vn -0.0951 0.9208 0.3783
vn 0.1401 0.8278 -0.5433
vn 0.0609 0.8349 -0.5470
vn 0.5844 0.3295 0.7416
vn 0.2977 0.6772 0.6729
vn 0.1437 0.5671 -0.8110
vn -0.1438 0.1469 -0.9786
vn -0.7576 0.4741 -0.4486
vn 0.6599 0.7354 -0.1539
vn -0.5743 0.1975 -0.7945
vn -0.7459 0.4687 -0.4732
vn -0.9738 -0.0534 -0.2209
vn 0.9283 0.0336 -0.3703
vn -0.4427 0.8580 0.2603
vn -0.9507 0.1166 -0.2875
vn 0.5209 0.7443 -0.4179
vn -0.4413 0.1859 0.8779
vn 0.3309 0.4316 0.8392
vn -0.9216 -0.0269 -0.3872
vn 0.7577 -0.3769 -0.5328
vn -0.0831 -0.5572 -0.8262
vn 0.7555 0.5467 -0.3611
vn 0.3360 0.0277 -0.9414
vn -0.9741 -0.0535 -0.2199
vn 0.9724 -0.2296 -0.0426
vn -0.1471 -0.9778 -0.1496
vn 0.7521 0.6348 0.1772
vn 0.4286 0.1641 -0.8885
vn 0.3480 0.1526 -0.9250
vn 0.8606 0.4198 0.2881
vn 0.3391 0.2127 0.9164
vn -0.9438 -0.2976 -0.1437
vn -0.3414 -0.1359 -0.9300
vn 0.0559 0.2370 -0.9699
vn 0.1206 0.2174 -0.9686
vn 0.9992 0.0145 -0.0383
vn 0.8829 0.4478 -0.1410
vn 0.2100 0.1868 -0.9597
vn 0.4583 0.8875 -0.0473
vn 0.5024 0.8027 -0.3213
vn -0.8441 0.5283 -0.0919
vn -0.9650 -0.1410 -0.2210
vn 0.9650 0.1410 0.2210
vn 0.4937 0.7889 -0.3659
vn -0.4937 -0.7889 0.3659
vn -0.8947 -0.0195 -0.4462
vn 0.9173 -0.0242 0.3974
vn -0.9173 0.0242 -0.3974
vn 0.1899 -0.1188 0.9746
vn 0.6135 -0.3840 0.6901
vn -0.1379 0.0863 0.9867
vn 0.8947 0.0195 0.4462
vn -0.1023 -0.8758 0.4717
vn -0.5536 -0.0540 -0.8310
vn 0.9884 -0.1074 0.1075
vn 0.9135 0.0509 0.4035
vn 0.9990 0.0022 -0.0440
vn 0.9999 0.0071 -0.0151
vn -0.0644 -0.8105 -0.5822
vn -0.9971 -0.0436 -0.0619
vn 0.9992 0.0295 0.0279
vn -0.2507 0.0629 -0.9660
vn -0.9533 -0.1898 0.2350
vn -0.1702 -0.8323 -0.5276
vn 0.9849 -0.1614 -0.0630
vn 0.0805 -0.8952 0.4384
vn -0.2116 -0.6729 -0.7089
vn 0.2507 -0.0629 0.9660
vn -0.0190 0.9763 -0.2157
vn 0.1702 0.8323 0.5276
vn -0.2558 -0.1814 -0.9496
vn 0.9667 -0.0371 -0.2533
vn -0.0805 0.8952 -0.4384
vn -0.8982 -0.0891 0.4304
vn -0.9667 0.0371 0.2533
vn 0.2430 0.4442 0.8623
vn 0.0518 0.9973 0.0515
vn -0.1912 0.5531 -0.8109
vn -0.2430 -0.4442 -0.8623
vn -0.0518 -0.9973 -0.0515
vn 0.1912 -0.5531 0.8109
vn -0.1372 0.7603 -0.6349
vn 0.2116 0.6729 0.7089
vn 0.1186 0.9418 0.3147
vn 0.9298 -0.2621 -0.2584
vn -0.9966 -0.0645 0.0514
vn -0.9849 0.1614 0.0630
vn 0.2306 -0.3034 0.9245
vn 0.2558 0.1814 0.9496
vn 0.8865 -0.1368 -0.4420
vn 0.8982 0.0891 -0.4304
vn -0.9298 0.2621 0.2584
vn 0.0190 -0.9763 0.2157
vn 0.1371 -0.7603 0.6349
vn 0.9533 0.1898 -0.2350
vn -0.8865 0.1368 0.4420
vn -0.1186 -0.9418 -0.3147
vn -0.2306 0.3034 -0.9245
vn 0.9966 0.0645 -0.0514
vn 0.8592 0.5103 0.0362
vn 0.8592 0.5103 -0.0362
vt 0.300860 0.852950
vt 0.294807 0.846080
vt 0.299097 0.827866
vt 0.306299 0.832057
vt 0.288413 0.839789
vt 0.291577 0.824199
vt 0.291523 0.800054
vt 0.301244 0.800397
vt 0.310813 0.800871
vt 0.080161 0.990915
vt 0.085748 0.983702
vt 0.097426 0.992313
vt 0.093838 0.999383
vt 0.091585 0.976851
vt 0.100869 0.985528
vt 0.108423 0.989986
vt 0.108598 0.995224
vt 0.104984 1.000000
vt 0.428178 0.781913
vt 0.426217 0.777408
vt 0.434510 0.773122
vt 0.435080 0.779939
vt 0.539749 0.404424
vt 0.545193 0.405072
vt 0.546511 0.411896
vt 0.539697 0.413041
vt 0.547452 0.418712
vt 0.542503 0.421052
vt 0.443025 0.776546
vt 0.441965 0.781205
vt 0.276774 0.863878
vt 0.272837 0.859345
vt 0.283814 0.855521
vt 0.287866 0.862392
vt 0.272590 0.854163
vt 0.279812 0.849117
vt 0.426217 0.804265
vt 0.426657 0.792711
vt 0.435667 0.793840
vt 0.435664 0.806446
vt 0.444252 0.791808
vt 0.444599 0.803322
vt 0.550564 0.402136
vt 0.554179 0.410513
vt 0.560695 0.399932
vt 0.564338 0.408716
vt 0.563707 0.418118
vt 0.553447 0.419543
vt 0.049765 0.435076
vt 0.041108 0.427010
vt 0.071557 0.394107
vt 0.081203 0.410163
vt 0.029865 0.420334
vt 0.048684 0.387049
vt 0.063377 0.357186
vt 0.082826 0.365710
vt 0.103317 0.371944
vt 0.103679 0.385004
vt 0.122865 0.390967
vt 0.579001 0.406195
vt 0.579444 0.415815
vt 0.576303 0.396849
vt 0.599288 0.389750
vt 0.601183 0.402046
vt 0.603334 0.414179
vt 0.014814 0.475075
vt 0.006120 0.471327
vt 0.019777 0.453260
vt 0.028028 0.458139
vt -0.000000 0.464100
vt 0.012578 0.446693
vt 0.080087 0.965823
vt 0.087245 0.961507
vt 0.073142 0.970431
vt 0.066235 0.939552
vt 0.075879 0.938563
vt 0.085470 0.937386
vt 0.078129 0.858717
vt 0.055913 0.863435
vt 0.056859 0.846624
vt 0.087751 0.846175
vt 0.032084 0.864109
vt 0.031203 0.846580
vt 0.021204 0.817696
vt 0.056264 0.822639
vt 0.089166 0.823089
vt 0.067402 0.903223
vt 0.082526 0.903436
vt 0.051892 0.902383
vt 0.306586 0.765702
vt 0.321417 0.763694
vt 0.291772 0.767397
vt 0.292000 0.735421
vt 0.311866 0.733104
vt 0.331222 0.731527
vt 0.632005 0.395290
vt 0.635825 0.413820
vt 0.630718 0.375287
vt 0.669646 0.344843
vt 0.662885 0.386679
vt 0.667544 0.412228
vt 0.713899 0.398123
vt 0.707881 0.373573
vt 0.740878 0.365279
vt 0.746404 0.387725
vt 0.702007 0.339789
vt 0.735669 0.334340
vt 0.776602 0.327757
vt 0.780284 0.357699
vt 0.784682 0.379408
vt 0.313201 0.709187
vt 0.334446 0.708211
vt 0.291158 0.711602
vt 0.289154 0.687401
vt 0.311473 0.685145
vt 0.333019 0.684996
vt 0.684735 0.380355
vt 0.690731 0.406853
vt 0.679918 0.343345
vt 0.095222 0.348879
vt 0.111474 0.360079
vt 0.077955 0.338511
vt 0.096864 0.323281
vt 0.112620 0.336090
vt 0.123918 0.351524
vt 0.092732 0.745370
vt 0.058116 0.745370
vt 0.061621 0.699890
vt 0.099655 0.699890
vt 0.023501 0.745370
vt 0.023588 0.699890
vt 0.023665 0.658987
vt 0.065117 0.658987
vt 0.106569 0.658987
vt 0.151279 0.352616
vt 0.137682 0.347945
vt 0.140097 0.319823
vt 0.168653 0.329156
vt 0.121982 0.301263
vt 0.147593 0.269973
vt 0.167219 0.281712
vt 0.193270 0.295919
vt 0.056495 0.788130
vt 0.089659 0.788242
vt 0.023151 0.787568
vt 0.308509 0.651596
vt 0.330088 0.652488
vt 0.286161 0.653564
vt 0.282459 0.613988
vt 0.305249 0.612299
vt 0.326799 0.611699
vt 0.534398 0.617722
vt 0.556133 0.625569
vt 0.558944 0.646661
vt 0.539866 0.647331
vt 0.585253 0.617722
vt 0.583587 0.647331
vt 0.584133 0.684000
vt 0.560429 0.682202
vt 0.541280 0.684000
vt 0.302419 0.574519
vt 0.324212 0.571358
vt 0.278218 0.574617
vt 0.272590 0.533605
vt 0.300768 0.544646
vt 0.324472 0.529792
vt 0.820801 0.353037
vt 0.823132 0.377009
vt 0.819311 0.320954
vt 0.857587 0.314869
vt 0.860709 0.350289
vt 0.863746 0.384067
vt 0.190901 0.245488
vt 0.219836 0.260051
vt 0.167806 0.235804
vt 0.180933 0.195466
vt 0.212309 0.210359
vt 0.243729 0.227793
vt 0.948949 0.372956
vt 0.928683 0.339031
vt 0.944302 0.328015
vt 0.957550 0.346846
vt 0.909744 0.306415
vt 0.929602 0.303077
vt 0.945306 0.300413
vt 0.952215 0.318674
vt 0.958997 0.331750
vt 0.898657 0.346044
vt 0.907974 0.380150
vt 0.886850 0.310171
vt 0.233816 0.178214
vt 0.261682 0.203553
vt 0.206435 0.155859
vt 0.229924 0.124846
vt 0.253524 0.155111
vt 0.275189 0.185317
vt 0.066457 0.628252
vt 0.109191 0.628252
vt 0.023724 0.628252
vt 0.023768 0.605128
vt 0.065219 0.605128
vt 0.106671 0.605128
vt 0.156613 0.093849
vt 0.146642 0.118089
vt 0.105982 0.088693
vt 0.114566 0.069698
vt 0.134716 0.144951
vt 0.095405 0.110362
vt 0.059300 0.079509
vt 0.071165 0.060951
vt 0.080765 0.045433
vt 0.912073 0.412150
vt 0.880306 0.412000
vt 0.946636 0.411741
vt 0.944705 0.451911
vt 0.915363 0.450318
vt 0.889232 0.447918
vt 0.179214 0.138323
vt 0.193387 0.110328
vt 0.162722 0.169134
vt 0.135110 0.580293
vt 0.157935 0.589762
vt 0.158753 0.621965
vt 0.140066 0.618581
vt 0.185551 0.582759
vt 0.183431 0.620701
vt 0.183342 0.660102
vt 0.159430 0.661339
vt 0.140839 0.658024
vt 0.134806 0.747606
vt 0.157532 0.749287
vt 0.155289 0.769978
vt 0.126063 0.768478
vt 0.184090 0.750016
vt 0.188909 0.771551
vt 0.193813 0.785617
vt 0.152970 0.783620
vt 0.117406 0.781882
vt 0.159017 0.708787
vt 0.139495 0.706179
vt 0.182846 0.708299
vt 0.922749 0.499949
vt 0.901920 0.498719
vt 0.946854 0.500355
vt 0.951837 0.541743
vt 0.929915 0.543927
vt 0.911716 0.545175
vt 0.562468 0.734675
vt 0.542466 0.735833
vt 0.586174 0.735833
vt 0.590360 0.782971
vt 0.563840 0.782850
vt 0.540670 0.782971
vt 0.059281 0.015506
vt 0.044330 0.035707
vt 0.028375 0.023460
vt 0.044034 0.002823
vt 0.025866 0.060622
vt 0.009581 0.049339
vt -0.000000 0.036840
vt 0.011958 0.015427
vt 0.027286 0.000000
vt 0.932146 0.566626
vt 0.911463 0.569574
vt 0.957578 0.562484
vt 0.963200 0.575683
vt 0.932614 0.580898
vt 0.907802 0.584662
vt 0.563251 0.807475
vt 0.533509 0.807027
vt 0.596871 0.807027
vt 0.602851 0.821469
vt 0.562002 0.822094
vt 0.525816 0.821469
vt 0.054400 0.045623
vt 0.066692 0.028696
vt 0.039218 0.066427
vt 0.845469 0.763392
vt 0.845469 0.795736
vt 0.816885 0.791152
vt 0.823242 0.752814
vt 0.835805 0.827009
vt 0.811460 0.830371
vt 0.789676 0.820211
vt 0.789232 0.787449
vt 0.799341 0.756595
vt 0.151680 0.803693
vt 0.115035 0.801591
vt 0.193813 0.805443
vt 0.186390 0.820232
vt 0.153782 0.821781
vt 0.123999 0.817181
vt 0.935563 0.600821
vt 0.909939 0.604394
vt 0.967056 0.595136
vt 0.965239 0.610612
vt 0.941756 0.617722
vt 0.841664 0.837266
vt 0.810226 0.848058
vt 0.561984 0.842245
vt 0.524679 0.841290
vt 0.604104 0.841290
vt 0.597368 0.856040
vt 0.564843 0.859473
vt 0.534465 0.856040
vt 0.959036 0.314300
vt 0.963266 0.325457
vt 0.955642 0.298694
vt 0.963479 0.297481
vt 0.967056 0.313579
vt 0.655383 0.752475
vt 0.645575 0.756454
vt 0.640183 0.748710
vt 0.650524 0.744288
vt 0.269916 0.146938
vt 0.286362 0.170231
vt 0.256374 0.130037
vt 0.192975 0.537786
vt 0.181045 0.558164
vt 0.180534 0.543472
vt 0.191123 0.529792
vt 0.281373 0.144731
vt 0.295030 0.158529
vt 0.061838 0.586000
vt 0.099871 0.586000
vt 0.023804 0.586000
vt 0.023832 0.571162
vt 0.058447 0.571162
vt 0.093063 0.571162
vt 0.158192 0.564187
vt 0.136335 0.555978
vt 0.137478 0.541367
vt 0.158758 0.547419
vt 0.306559 0.142967
vt 0.293296 0.132692
vt 0.299704 0.119128
vt 0.313724 0.133302
vt 0.282177 0.126448
vt 0.286848 0.111163
vt 0.297146 0.088832
vt 0.312595 0.095814
vt 0.322035 0.122093
vt 0.288292 0.140722
vt 0.301034 0.150424
vt 0.270260 0.135901
vt 0.277817 0.134917
vt 0.056986 0.560985
vt 0.090618 0.560985
vt 0.023353 0.560985
vt 0.019883 0.552235
vt 0.056891 0.552235
vt 0.093899 0.552235
vt 0.157855 0.541091
vt 0.179729 0.537939
vt 0.136549 0.535788
vt 0.676966 0.746218
vt 0.673683 0.737230
vt 0.698427 0.741018
vt 0.697755 0.731542
vt 0.057159 0.541691
vt 0.102884 0.541691
vt 0.011435 0.541691
vt 0.000000 0.529792
vt 0.057518 0.529792
vt 0.115035 0.529792
vt 0.666714 0.721162
vt 0.698681 0.715978
vt 0.639947 0.732797
vt 0.622219 0.716726
vt 0.646652 0.704842
vt 0.658581 0.701304
vt 0.670486 0.697474
vt 0.698473 0.691521
vt 0.475654 0.750416
vt 0.485721 0.737995
vt 0.496338 0.739908
vt 0.485906 0.754664
vt 0.487217 0.721580
vt 0.498272 0.721106
vt 0.512712 0.720596
vt 0.508847 0.743267
vt 0.503156 0.760028
vt 0.788703 0.787859
vt 0.784294 0.788229
vt 0.769120 0.773897
vt 0.783910 0.776473
vt 0.780250 0.792240
vt 0.772444 0.786062
vt 0.765387 0.790740
vt 0.757872 0.786320
vt 0.744327 0.784707
vt 0.744343 0.769018
vt 0.744294 0.752814
vt 0.764985 0.754467
vt 0.777607 0.761094
vt 0.336948 0.055774
vt 0.355963 0.076280
vt 0.313572 0.063436
vt 0.686059 0.650280
vt 0.680003 0.641056
vt 0.698681 0.642463
vt 0.689666 0.661761
vt 0.670508 0.624909
vt 0.677073 0.617722
vt 0.356639 0.033915
vt 0.360898 0.038215
vt 0.350854 0.033805
vt 0.375481 0.049916
vt 0.506187 0.775330
vt 0.503294 0.760028
vt 0.511773 0.760675
vt 0.493984 0.775870
vt 0.475654 0.777099
vt 0.498131 0.760248
vt 0.754295 0.802271
vt 0.744379 0.802414
vt 0.762472 0.802237
vt 0.611208 0.685540
vt 0.604104 0.689960
vt 0.604401 0.674498
vt 0.614340 0.671061
vt 0.789232 0.818955
vt 0.779810 0.822347
vt 0.783308 0.804546
vt 0.789232 0.803465
vt 0.604585 0.659781
vt 0.609945 0.658660
vt 0.778490 0.803788
vt 0.777131 0.796825
vt 0.777035 0.810683
vt 0.775230 0.806546
vt 0.775336 0.803182
vt 0.775253 0.799777
vt 0.773352 0.806375
vt 0.773351 0.802857
vt 0.771489 0.805825
vt 0.771393 0.802519
vt 0.771510 0.799242
vt 0.773377 0.799327
vt 0.762545 0.817720
vt 0.768143 0.802160
vt 0.769245 0.809106
vt 0.769545 0.795827
vt 0.773296 0.793850
vt 0.770132 0.821769
vt 0.773016 0.812099
vt 0.119057 0.364273
vt 0.113020 0.373565
vt 0.128883 0.357805
vt 0.809006 0.731172
vt 0.802399 0.750480
vt 0.793438 0.742256
vt 0.794086 0.730983
vt 0.115536 0.381918
vt 0.137481 0.357410
vt 0.144768 0.361412
vt 0.016611 0.847639
vt 0.015501 0.829997
vt 0.016808 0.864109
vt 0.647706 0.756454
vt 0.655606 0.757623
vt 0.640901 0.772604
vt 0.637794 0.756559
vt 0.670433 0.760201
vt 0.673141 0.772905
vt 0.675938 0.793642
vt 0.654669 0.793754
vt 0.643972 0.793810
vt 0.632401 0.793871
vt 0.604104 0.794021
vt 0.606202 0.775327
vt 0.607519 0.769339
vt 0.610735 0.764610
vt 0.617632 0.756956
vt 0.645486 0.663126
vt 0.618230 0.694147
vt 0.614678 0.647493
vt 0.617742 0.632595
vt 0.632589 0.629211
vt 0.640479 0.626404
vt 0.650382 0.626177
vt 0.763548 0.833088
vt 0.755570 0.835725
vt 0.765654 0.840046
vt 0.743494 0.860098
vt 0.607431 0.700320
vt 0.607300 0.708882
vt 0.788688 0.829493
vt 0.782269 0.837443
vt 0.516420 0.747658
vt 0.517661 0.757747
vt 0.771652 0.844957
vt 0.766431 0.855748
vt 0.511773 0.821026
vt 0.481674 0.794384
vt 0.494795 0.789719
vt 0.504337 0.793891
vt 0.367978 0.853216
vt 0.362520 0.832280
vt 0.369787 0.828198
vt 0.374088 0.846442
vt 0.358007 0.801076
vt 0.367670 0.800764
vt 0.377318 0.800301
vt 0.377247 0.824430
vt 0.380422 0.840047
vt 0.503399 0.665033
vt 0.492017 0.676366
vt 0.486953 0.670202
vt 0.496359 0.659179
vt 0.481287 0.679545
vt 0.476698 0.675673
vt 0.475654 0.670591
vt 0.482012 0.664492
vt 0.489071 0.653950
vt 0.691686 0.764537
vt 0.684801 0.763272
vt 0.684231 0.756454
vt 0.692746 0.759878
vt 0.677899 0.765245
vt 0.675938 0.760741
vt 0.524679 0.322371
vt 0.524731 0.313754
vt 0.530175 0.314402
vt 0.531494 0.321226
vt 0.527486 0.330383
vt 0.532434 0.328042
vt 0.392051 0.864134
vt 0.380983 0.862684
vt 0.385089 0.855902
vt 0.396013 0.859642
vt 0.389031 0.849394
vt 0.396229 0.854405
vt 0.694320 0.786654
vt 0.685385 0.789778
vt 0.685388 0.777172
vt 0.693974 0.775140
vt 0.675938 0.787598
vt 0.676378 0.776043
vt 0.539161 0.319843
vt 0.538430 0.328874
vt 0.535547 0.311466
vt 0.545678 0.309262
vt 0.549320 0.318046
vt 0.548690 0.327448
vt 0.101945 0.473734
vt 0.116627 0.436407
vt 0.134803 0.440962
vt 0.112187 0.479669
vt 0.134164 0.407589
vt 0.146765 0.404133
vt 0.158693 0.421916
vt 0.172503 0.438032
vt 0.148210 0.460782
vt 0.121844 0.488476
vt 0.561310 0.306329
vt 0.564008 0.315675
vt 0.584469 0.300280
vt 0.586364 0.312577
vt 0.588515 0.324709
vt 0.564451 0.325295
vt 0.073858 0.518818
vt 0.086213 0.501246
vt 0.093287 0.507720
vt 0.079978 0.526044
vt 0.101663 0.512691
vt 0.088672 0.529792
vt 0.489798 0.638044
vt 0.497794 0.640506
vt 0.486059 0.614100
vt 0.495721 0.612928
vt 0.505279 0.611842
vt 0.505561 0.643526
vt 0.481288 0.580156
vt 0.496042 0.576319
vt 0.475654 0.534960
vt 0.498353 0.534523
vt 0.521697 0.529792
vt 0.510883 0.572154
vt 0.347442 0.763946
vt 0.362416 0.766202
vt 0.337704 0.731874
vt 0.357206 0.733705
vt 0.376928 0.735783
vt 0.377123 0.767721
vt 0.615363 0.290277
vt 0.617751 0.309227
vt 0.645922 0.281687
vt 0.649791 0.307624
vt 0.622953 0.328402
vt 0.694397 0.280377
vt 0.728557 0.279973
vt 0.730616 0.303321
vt 0.696668 0.305869
vt 0.767519 0.275787
vt 0.770416 0.298117
vt 0.334446 0.708489
vt 0.355831 0.709709
vt 0.335748 0.685049
vt 0.357441 0.685454
vt 0.379620 0.687480
vt 0.377722 0.711871
vt 0.669624 0.279423
vt 0.672543 0.306742
vt 0.155739 0.392873
vt 0.171183 0.405155
vt 0.160296 0.378475
vt 0.178347 0.384784
vt 0.195180 0.396118
vt 0.186123 0.418646
vt 0.185900 0.353756
vt 0.159709 0.364263
vt 0.214449 0.316702
vt 0.231387 0.332051
vt 0.208921 0.365671
vt 0.338529 0.652272
vt 0.360272 0.651663
vt 0.341751 0.611348
vt 0.363458 0.612222
vt 0.386130 0.613719
vt 0.382497 0.653430
vt 0.411632 0.773122
vt 0.416334 0.742223
vt 0.435447 0.744335
vt 0.433189 0.766866
vt 0.416814 0.705219
vt 0.436024 0.708221
vt 0.459667 0.705219
vt 0.460055 0.742223
vt 0.462488 0.773122
vt 0.344373 0.571049
vt 0.366328 0.574492
vt 0.344307 0.529792
vt 0.368164 0.544918
vt 0.396229 0.533690
vt 0.390403 0.574384
vt 0.804741 0.265969
vt 0.810338 0.289866
vt 0.840971 0.246566
vt 0.849069 0.280007
vt 0.242196 0.283490
vt 0.269559 0.252772
vt 0.292940 0.278445
vt 0.258180 0.302757
vt 0.925304 0.230198
vt 0.941860 0.252119
vt 0.935454 0.274591
vt 0.917120 0.269217
vt 0.948094 0.265923
vt 0.945945 0.280823
vt 0.884192 0.236564
vt 0.886412 0.272114
vt 0.294038 0.222830
vt 0.310393 0.197242
vt 0.346211 0.210997
vt 0.323398 0.242510
vt 0.397219 0.272100
vt 0.432572 0.305290
vt 0.416913 0.319044
vt 0.376947 0.288709
vt 0.465633 0.330560
vt 0.453597 0.344273
vt 0.439295 0.361025
vt 0.399261 0.335471
vt 0.354721 0.307940
vt 0.847629 0.214710
vt 0.877733 0.204818
vt 0.844498 0.177834
vt 0.868534 0.167589
vt 0.895782 0.156537
vt 0.910574 0.194016
vt 0.370742 0.241720
vt 0.348103 0.263442
vt 0.323430 0.288194
vt 0.252515 0.580293
vt 0.247559 0.618581
vt 0.228872 0.621965
vt 0.229690 0.589762
vt 0.246787 0.658024
vt 0.228195 0.661339
vt 0.204283 0.660102
vt 0.204195 0.620701
vt 0.202074 0.582759
vt 0.252820 0.747606
vt 0.261562 0.768478
vt 0.232337 0.769978
vt 0.230093 0.749286
vt 0.270219 0.781882
vt 0.234655 0.783620
vt 0.193813 0.785617
vt 0.198716 0.771551
vt 0.203536 0.750016
vt 0.248131 0.706179
vt 0.228608 0.708787
vt 0.204779 0.708299
vt 0.840136 0.125698
vt 0.859527 0.118242
vt 0.834452 0.078683
vt 0.852154 0.074444
vt 0.873582 0.069269
vt 0.882193 0.109963
vt 0.416681 0.652875
vt 0.436724 0.655014
vt 0.413686 0.605417
vt 0.436870 0.606432
vt 0.463376 0.605417
vt 0.460388 0.652875
vt 0.500531 0.342403
vt 0.517106 0.353296
vt 0.501944 0.374302
vt 0.485580 0.362605
vt 0.524679 0.368490
vt 0.514396 0.387655
vt 0.497393 0.405330
vt 0.482654 0.399812
vt 0.467116 0.387519
vt 0.826380 0.055877
vt 0.847000 0.052555
vt 0.818082 0.042972
vt 0.842894 0.039208
vt 0.873480 0.033993
vt 0.872370 0.048039
vt 0.405919 0.581698
vt 0.435663 0.582289
vt 0.397868 0.567811
vt 0.434053 0.568435
vt 0.474903 0.567811
vt 0.469282 0.581698
vt 0.485749 0.339152
vt 0.473152 0.355853
vt 0.457666 0.376431
vt 0.793437 0.628354
vt 0.815594 0.617722
vt 0.821890 0.656231
vt 0.793437 0.660813
vt 0.839616 0.621312
vt 0.849735 0.652227
vt 0.849446 0.684961
vt 0.827578 0.695318
vt 0.803267 0.692003
vt 0.272590 0.801591
vt 0.235945 0.803693
vt 0.263626 0.817181
vt 0.233844 0.821781
vt 0.201236 0.820232
vt 0.193813 0.805443
vt 0.813748 0.023639
vt 0.839271 0.019455
vt 0.797797 0.701950
vt 0.829298 0.712602
vt 0.839595 0.000916
vt 0.864103 -0.000000
vt 0.870866 0.014381
vt 0.396229 0.548094
vt 0.433527 0.548431
vt 0.405632 0.532628
vt 0.435932 0.529792
vt 0.468536 0.532628
vt 0.475654 0.548094
vt 0.954169 0.270535
vt 0.953815 0.282779
vt 0.962240 0.267997
vt 0.961667 0.281039
vt 0.313434 0.179177
vt 0.312205 0.167573
vt 0.194650 0.537786
vt 0.196503 0.529792
vt 0.207091 0.543472
vt 0.206580 0.558164
vt 0.333536 0.187202
vt 0.229433 0.564187
vt 0.228868 0.547419
vt 0.250147 0.541367
vt 0.251290 0.555978
vt 0.331363 0.142582
vt 0.320250 0.152661
vt 0.349913 0.123461
vt 0.361079 0.136196
vt 0.342714 0.152551
vt 0.329451 0.161471
vt 0.314025 0.159786
vt 0.322620 0.168109
vt 0.323881 0.175626
vt 0.207897 0.537939
vt 0.229770 0.541091
vt 0.698828 0.741207
vt 0.699529 0.731759
vt 0.723655 0.737680
vt 0.720338 0.746616
vt 0.746755 0.744661
vt 0.741871 0.752814
vt 0.251076 0.535788
vt 0.698681 0.716326
vt 0.730735 0.721845
vt 0.698974 0.691970
vt 0.727048 0.698253
vt 0.738962 0.702157
vt 0.750877 0.705698
vt 0.775229 0.717472
vt 0.757406 0.733330
vt 0.475654 0.692313
vt 0.485906 0.686758
vt 0.496337 0.702042
vt 0.485721 0.705061
vt 0.503156 0.679545
vt 0.508847 0.697401
vt 0.699468 0.787112
vt 0.704262 0.775806
vt 0.719443 0.773481
vt 0.704047 0.787557
vt 0.710680 0.760534
vt 0.723490 0.754119
vt 0.730682 0.786092
vt 0.722967 0.790385
vt 0.715917 0.785589
vt 0.708033 0.791636
vt 0.381114 0.088494
vt 0.390921 0.060457
vt 0.396274 0.063278
vt 0.398061 0.068778
vt 0.726992 0.625189
vt 0.717516 0.641461
vt 0.698681 0.642400
vt 0.720346 0.617722
vt 0.711465 0.650738
vt 0.707840 0.662225
vt 0.380583 0.113080
vt 0.396229 0.789838
vt 0.396229 0.774035
vt 0.408130 0.788044
vt 0.725860 0.801931
vt 0.734310 0.802104
vt 0.401128 0.773122
vt 0.426217 0.785909
vt 0.786371 0.686499
vt 0.783257 0.671982
vt 0.793157 0.675349
vt 0.793438 0.690853
vt 0.787622 0.659439
vt 0.792932 0.660434
vt 0.698898 0.802709
vt 0.704857 0.803889
vt 0.698681 0.818197
vt 0.708141 0.821747
vt 0.711074 0.796272
vt 0.709666 0.803212
vt 0.712916 0.799255
vt 0.712806 0.802658
vt 0.712894 0.806025
vt 0.711073 0.810131
vt 0.714787 0.802366
vt 0.714770 0.805884
vt 0.714795 0.798836
vt 0.716666 0.798783
vt 0.716759 0.802062
vt 0.716645 0.805365
vt 0.725629 0.817411
vt 0.718899 0.808684
vt 0.720051 0.801757
vt 0.718680 0.795401
vt 0.714935 0.793361
vt 0.715091 0.811614
vt 0.717869 0.821332
vt 0.142395 0.395327
vt 0.149523 0.386843
vt 0.152847 0.375558
vt 0.793438 0.719723
vt 0.802399 0.712602
vt 0.133671 0.395353
vt 0.150720 0.367217
vt 0.648100 0.831125
vt 0.638188 0.831125
vt 0.641125 0.815048
vt 0.655988 0.829873
vt 0.618023 0.830941
vt 0.611046 0.823360
vt 0.607779 0.818665
vt 0.606399 0.812691
vt 0.673360 0.814407
vt 0.670787 0.827139
vt 0.752088 0.663877
vt 0.747126 0.626527
vt 0.757032 0.626784
vt 0.764907 0.629582
vt 0.779725 0.632932
vt 0.782846 0.648079
vt 0.779323 0.695067
vt 0.732247 0.835530
vt 0.724211 0.832759
vt 0.721890 0.839680
vt 0.790093 0.701216
vt 0.705257 0.836798
vt 0.698957 0.828742
vt 0.790142 0.709596
vt 0.517661 0.680845
vt 0.516420 0.691796
vt 0.715709 0.844488
vt 0.720499 0.855364
vt 0.398224 0.835427
vt 0.401118 0.807669
vt 0.409686 0.801797
vt 0.423281 0.803993
vt 0.124679 0.388533
vt 0.344789 0.973047
vt 0.344789 0.937856
vt 0.372538 0.938408
vt 0.370191 0.966201
vt 0.430555 0.726055
vt 0.426277 0.677537
vt 0.429609 0.677956
vt 0.429720 0.681675
vt 0.422415 0.633913
vt 0.428486 0.634677
vt 0.428410 0.637828
vt 0.856463 0.312020
vt 0.854525 0.269377
vt 0.878520 0.273059
vt 0.879928 0.315515
vt 0.422342 0.601490
vt 0.429270 0.602362
vt 0.427225 0.577717
vt 0.430224 0.578095
vt 0.429337 0.599595
vt 0.430555 0.570085
vt 0.725222 0.895579
vt 0.746255 0.892852
vt 0.757164 0.923139
vt 0.733949 0.929711
vt 0.741511 0.969500
vt 0.754576 0.969105
vt 0.327989 0.942117
vt 0.317111 0.943201
vt 0.305239 0.901516
vt 0.306071 0.903712
vt 0.322827 0.909100
vt 0.876602 0.469231
vt 0.864965 0.470247
vt 0.871352 0.437382
vt 0.889259 0.433333
vt 0.877736 0.406972
vt 0.900570 0.403269
vt 0.864764 0.463306
vt 0.619845 0.836606
vt 0.591117 0.836655
vt 0.614197 0.798206
vt 0.587857 0.798072
vt 0.586428 0.752204
vt 0.611832 0.753623
vt 0.552843 0.797890
vt 0.552708 0.750022
vt 0.552869 0.836662
vt 0.857638 0.377761
vt 0.857365 0.350003
vt 0.880639 0.353670
vt 0.880478 0.381610
vt 0.724922 0.869972
vt 0.745316 0.870300
vt 0.372571 0.910443
vt 0.588256 0.705245
vt 0.615932 0.709750
vt 0.592051 0.659059
vt 0.630674 0.664807
vt 0.552292 0.699326
vt 0.551918 0.653747
vt 0.594147 0.614944
vt 0.551774 0.619485
vt 0.551905 0.593685
vt 0.582670 0.583529
vt 0.592863 0.597783
vt 0.857213 0.403468
vt 0.009021 0.309636
vt 0.037556 0.300160
vt 0.046002 0.324226
vt 0.010407 0.326968
vt 0.062749 0.278154
vt 0.069060 0.302096
vt 0.084033 0.313310
vt 0.078607 0.336297
vt 0.077016 0.360830
vt 0.041751 0.352547
vt 0.010172 0.345018
vt 0.224547 0.947992
vt 0.221331 0.917964
vt 0.243817 0.915358
vt 0.239846 0.945109
vt 0.214247 0.880176
vt 0.246942 0.892388
vt 0.283565 0.880176
vt 0.266799 0.913847
vt 0.254848 0.945699
vt 0.955739 0.875418
vt 0.953378 0.846042
vt 0.976834 0.851761
vt 0.972114 0.878782
vt 0.953711 0.815091
vt 0.981651 0.823636
vt 0.895091 0.205561
vt 0.887932 0.175815
vt 0.913654 0.169896
vt 0.915290 0.200613
vt 0.901998 0.229648
vt 0.915939 0.225711
vt 0.441109 0.208751
vt 0.471449 0.201361
vt 0.471367 0.227449
vt 0.441329 0.227012
vt 0.506948 0.196078
vt 0.506521 0.229978
vt 0.501033 0.277324
vt 0.469261 0.252165
vt 0.440368 0.243595
vt 0.562750 0.203049
vt 0.600557 0.208618
vt 0.600762 0.239176
vt 0.562555 0.236011
vt 0.643850 0.211195
vt 0.645686 0.240759
vt 0.646652 0.278147
vt 0.600738 0.277991
vt 0.562262 0.278090
vt 0.859106 0.173525
vt 0.853392 0.147952
vt 0.884431 0.149694
vt 0.851791 0.119590
vt 0.883413 0.121280
vt 0.912334 0.115696
vt 0.912705 0.143681
vt 0.534748 0.197501
vt 0.534430 0.232664
vt 0.533863 0.278112
vt 0.104297 0.314650
vt 0.104483 0.337332
vt 0.124436 0.308607
vt 0.130256 0.329815
vt 0.132794 0.353496
vt 0.104944 0.360626
vt 0.142956 0.279048
vt 0.170656 0.279033
vt 0.163904 0.314484
vt 0.139064 0.296966
vt 0.216375 0.279054
vt 0.214782 0.315135
vt 0.214041 0.342432
vt 0.169714 0.345136
vt 0.850996 0.082389
vt 0.882970 0.083967
vt 0.850976 0.040606
vt 0.883149 0.043387
vt 0.913103 0.037812
vt 0.912233 0.078677
vt 0.344790 0.747101
vt 0.349080 0.713908
vt 0.381432 0.722713
vt 0.382133 0.748117
vt 0.350964 0.680635
vt 0.381962 0.689388
vt 0.410518 0.678516
vt 0.411027 0.711554
vt 0.417723 0.744279
vt 0.851333 0.002368
vt 0.884300 0.007824
vt 0.352508 0.783003
vt 0.384782 0.775184
vt 0.417435 0.780568
vt 0.915939 0.000000
vt 0.686311 0.208133
vt 0.691761 0.239699
vt 0.730795 0.195270
vt 0.738454 0.236935
vt 0.741218 0.279312
vt 0.694515 0.278734
vt 0.265073 0.279065
vt 0.262279 0.317299
vt 0.311561 0.279059
vt 0.308890 0.320590
vt 0.301517 0.359385
vt 0.257146 0.345868
vt 0.817413 0.279179
vt 0.823031 0.234667
vt 0.839796 0.234520
vt 0.835007 0.251408
vt 0.837647 0.192738
vt 0.850976 0.216746
vt 0.122304 0.771484
vt 0.099778 0.789252
vt 0.104544 0.772904
vt 0.124859 0.756706
vt 0.787424 0.194241
vt 0.785515 0.235400
vt 0.783554 0.279441
vt 0.353546 0.279040
vt 0.355563 0.321950
vt 0.386192 0.279027
vt 0.392883 0.319266
vt 0.407837 0.360556
vt 0.357724 0.361885
vt 0.386398 0.444709
vt 0.379120 0.494456
vt 0.349570 0.489928
vt 0.350638 0.438002
vt 0.376845 0.536723
vt 0.350474 0.535554
vt 0.323994 0.533243
vt 0.319917 0.484345
vt 0.314774 0.430258
vt 0.741718 0.162284
vt 0.784508 0.158500
vt 0.744052 0.124060
vt 0.780169 0.118438
vt 0.815681 0.109468
vt 0.826244 0.151096
vt 0.396887 0.402560
vt 0.354956 0.397456
vt 0.312463 0.391669
vt 0.120507 0.740841
vt 0.127316 0.711187
vt 0.160423 0.706336
vt 0.159824 0.732158
vt 0.129399 0.679820
vt 0.161265 0.675533
vt 0.956715 0.946101
vt 0.956593 0.974563
vt 0.924464 0.980489
vt 0.923451 0.953514
vt 0.132362 0.604207
vt 0.127755 0.584235
vt 0.167548 0.584684
vt 0.165433 0.603628
vt 0.122282 0.575260
vt 0.169073 0.576014
vt 0.211541 0.588608
vt 0.203567 0.595573
vt 0.194983 0.613571
vt 0.131994 0.640108
vt 0.163094 0.637551
vt 0.190082 0.648805
vt 0.188101 0.688679
vt 0.749203 0.070529
vt 0.779096 0.067074
vt 0.753334 0.022597
vt 0.780073 0.022566
vt 0.806167 0.018929
vt 0.808390 0.060280
vt 0.352242 0.633015
vt 0.382634 0.639830
vt 0.350724 0.590496
vt 0.383362 0.595538
vt 0.414129 0.588324
vt 0.410987 0.630993
vt 0.751464 0.000661
vt 0.780856 0.002514
vt 0.940815 0.592649
vt 0.934326 0.585275
vt 0.965618 0.567093
vt 0.967962 0.577159
vt 0.108506 0.596030
vt 0.099778 0.588544
vt 0.809465 0.000000
vt 0.344790 0.572717
vt 0.384235 0.577601
vt 0.940815 0.669383
vt 0.934326 0.675615
vt 0.922591 0.630912
vt 0.930634 0.631430
vt 0.421595 0.570085
vt 0.379994 0.557180
vt 0.351049 0.557664
vt 0.384441 0.564268
vt 0.351170 0.565092
vt 0.967962 0.682662
vt 0.965618 0.691307
vt 0.321972 0.556765
vt 0.405984 0.279032
vt 0.411370 0.310230
vt 0.417248 0.279039
vt 0.419506 0.302150
vt 0.423646 0.318821
vt 0.421227 0.333827
vt 0.919175 0.925563
vt 0.923334 0.903055
vt 0.955359 0.907400
vt 0.956715 0.922227
vt 0.188245 0.769003
vt 0.187803 0.780948
vt 0.158532 0.769597
vt 0.159069 0.754416
vt 0.425121 0.279021
vt 0.425720 0.299324
vt 0.430154 0.278931
vt 0.430281 0.298971
vt 0.989611 0.810182
vt 0.994116 0.811669
vt 0.990118 0.826803
vt 0.986523 0.825818
vt 0.982799 0.810659
vt 0.981651 0.826793
vt 0.988437 0.855391
vt 0.984866 0.857989
vt 0.990947 0.854368
vt 0.992897 0.875775
vt 0.991640 0.882937
vt 0.987418 0.892336
vt 0.086942 0.304574
vt 0.104671 0.305938
vt 0.122243 0.300532
vt 0.120471 0.975745
vt 0.106126 0.962138
vt 0.111120 0.949012
vt 0.120471 0.950960
vt 0.077459 0.294586
vt 0.131343 0.291024
vt 0.133282 0.279122
vt 0.766412 0.870473
vt 0.767333 0.886367
vt 0.905842 0.351610
vt 0.905311 0.378865
vt 0.752121 0.847033
vt 0.771707 0.854315
vt 0.731441 0.843471
vt 0.739084 0.806391
vt 0.765579 0.813905
vt 0.905294 0.314077
vt 0.903846 0.270261
vt 0.876384 0.235312
vt 0.902117 0.229805
vt 0.395863 0.972911
vt 0.402421 0.937578
vt 0.850976 0.229648
vt 0.687888 0.658334
vt 0.680776 0.621124
vt 0.716179 0.618967
vt 0.720841 0.670755
vt 0.776931 0.898062
vt 0.764729 0.913113
vt 0.799061 0.902997
vt 0.777635 0.929938
vt 0.771150 0.927194
vt 0.339194 0.936793
vt 0.338626 0.932084
vt 0.326533 0.924097
vt 0.322250 0.902429
vt 0.339563 0.905553
vt 0.287016 0.865290
vt 0.317137 0.877485
vt 0.342450 0.866708
vt 0.853754 0.461386
vt 0.855932 0.434509
vt 0.618168 0.955838
vt 0.603369 0.955804
vt 0.601500 0.925501
vt 0.623032 0.925444
vt 0.588519 0.956120
vt 0.579572 0.926027
vt 0.553127 0.895016
vt 0.597547 0.891115
vt 0.627004 0.890930
vt 0.594458 0.864258
vt 0.625303 0.864175
vt 0.552893 0.864372
vt 0.796574 0.837389
vt 0.781488 0.842002
vt 0.796757 0.808053
vt 0.741051 0.760515
vt 0.764463 0.760623
vt 0.796605 0.759681
vt 0.796742 0.803167
vt 0.552475 0.703226
vt 0.552435 0.695777
vt 0.552222 0.657060
vt 0.761529 0.712001
vt 0.736305 0.715746
vt 0.757329 0.665351
vt 0.796401 0.709595
vt 0.796211 0.663161
vt 0.796384 0.705418
vt 0.095532 0.934624
vt 0.080220 0.907845
vt 0.078638 0.891348
vt 0.093952 0.891573
vt 0.066027 0.893101
vt 0.069533 0.875377
vt 0.075012 0.902295
vt 0.073750 0.900368
vt 0.630003 0.617122
vt 0.631104 0.613004
vt 0.633820 0.612881
vt 0.552212 0.653719
vt 0.552101 0.616520
vt 0.594535 0.600226
vt 0.594837 0.580304
vt 0.634089 0.567093
vt 0.755944 0.642284
vt 0.755067 0.620896
vt 0.717509 0.573174
vt 0.757073 0.585560
vt 0.796045 0.622456
vt 0.760173 0.585998
vt 0.795917 0.591045
vt 0.795952 0.599780
vt 0.669845 0.615018
vt 0.664626 0.652441
vt 0.676180 0.578010
vt 0.317485 0.987980
vt 0.320384 0.954888
vt 0.343385 0.948790
vt 0.343385 0.976377
vt 0.919175 0.886656
vt 0.924546 0.857810
vt 0.945487 0.858517
vt 0.939781 0.895294
vt 0.919175 0.830208
vt 0.939781 0.823257
vt 0.946554 0.815091
vt 0.953378 0.858150
vt 0.946554 0.903055
vt 0.958590 0.562962
vt 0.959587 0.540187
vt 0.982635 0.539578
vt 0.983284 0.566054
vt 0.961601 0.517307
vt 0.983284 0.512968
vt 0.958849 0.244812
vt 0.932408 0.250579
vt 0.931189 0.241238
vt 0.963315 0.234106
vt 0.978803 0.265131
vt 0.987520 0.258827
vt 0.988161 0.573103
vt 0.992936 0.602086
vt 0.972946 0.604024
vt 0.967962 0.567093
vt 0.988161 0.629413
vt 0.967962 0.638954
vt 0.978852 0.302639
vt 0.987520 0.304594
vt 0.961503 0.334691
vt 0.966396 0.343766
vt 0.932324 0.516990
vt 0.930703 0.540029
vt 0.905842 0.537917
vt 0.909639 0.511231
vt 0.932324 0.562741
vt 0.906182 0.564188
vt 0.935062 0.340457
vt 0.934269 0.350898
vt 0.915109 0.320139
vt 0.910064 0.326177
vt 0.766224 0.567093
vt 0.795836 0.571303
vt 0.795865 0.578456
vt 1.000000 0.928819
vt 0.993159 0.955869
vt 0.989850 0.956071
vt 0.980317 0.955753
vt 0.985342 0.928212
vt 0.990903 0.903660
vt 0.979780 0.903055
vt 0.997294 0.488633
vt 0.995576 0.509252
vt 0.988381 0.505913
vt 0.988570 0.488636
vt 0.426852 0.776287
vt 0.426852 0.761777
vt 0.428188 0.773730
vt 0.087853 0.595222
vt 0.076617 0.583522
vt 0.078407 0.579855
vt 0.090530 0.591934
vt 0.982683 0.506756
vt 0.983046 0.488922
vt 0.903673 0.489300
vt 0.900049 0.514652
vt 0.893697 0.512338
vt 0.896845 0.487376
vt 0.897003 0.541333
vt 0.895192 0.538077
vt 0.895244 0.496249
vt 0.890189 0.510372
vt 0.892243 0.485558
vt 0.774934 0.870625
vt 0.775783 0.883265
vt 0.779361 0.857956
vt 0.025460 0.905713
vt 0.009980 0.889830
vt 0.017788 0.880617
vt 0.028279 0.885402
vt 0.000000 0.879222
vt 0.009757 0.884285
vt 0.012894 0.885559
vt 0.786745 0.851744
vt 0.795886 0.850681
vt 0.004630 0.326340
vt 0.004459 0.312330
vt 0.003061 0.312128
vt 0.000000 0.340873
vt 0.004095 0.340010
vt 0.969376 0.889391
vt 0.966338 0.888392
vt 0.957424 0.887057
vt 0.981651 0.890850
vt 0.976218 0.898428
vt 0.861413 0.474770
vt 0.850976 0.472437
vt 0.431035 0.226852
vt 0.430788 0.212806
vt 0.430555 0.239651
vt 0.603887 0.967655
vt 0.590530 0.968007
vt 0.617644 0.967770
vt 0.239229 0.955857
vt 0.227180 0.958246
vt 0.251261 0.952671
vt 0.241259 0.951027
vt 0.330221 0.946788
vt 0.328981 0.936492
vt 0.342450 0.948790
vt 0.919175 0.630489
vt 0.931384 0.582686
vt 0.931384 0.677321
vt 0.986480 0.756602
vt 0.970723 0.802943
vt 0.967727 0.799007
vt 0.982331 0.755998
vt 0.987368 0.709636
vt 0.983176 0.712410
vt 0.169743 0.570917
vt 0.214247 0.584069
vt 0.120739 0.570085
vt 0.905842 0.279500
vt 0.928637 0.237304
vt 0.910064 0.280410
vt 0.905876 0.328824
vt 0.988561 0.150624
vt 0.991132 0.183511
vt 0.986780 0.183413
vt 0.984085 0.149200
vt 0.988558 0.217299
vt 0.984085 0.218568
vt 0.970664 0.691307
vt 0.967727 0.695401
vt 0.963343 0.229648
vt 0.317742 0.564287
vt 0.351184 0.570085
vt 0.316406 0.569240
vt 0.385798 0.569224
vt 0.932047 0.355488
vt 0.966753 0.347832
vt 0.083373 0.576827
vt 0.096701 0.590420
vt 0.093406 0.590490
vt 0.080948 0.577799
vt 0.099778 0.608068
vt 0.096209 0.607187
vt 0.034828 0.570085
vt 0.056409 0.570516
vt 0.054987 0.572039
vt 0.030378 0.571649
vt 0.992316 0.829036
vt 0.992800 0.855537
vt 0.053799 0.575773
vt 0.049389 0.575001
vt 0.034163 0.574441
vt 0.992423 0.891793
vt 0.986853 0.898428
vt 0.994116 0.879949
vt 0.018025 0.574727
vt 0.027547 0.577116
vt 0.892686 0.553341
vt 0.887185 0.545936
vt 0.889646 0.536400
vt 0.896663 0.544132
vt 0.079417 0.913486
vt 0.087638 0.934223
vt 0.081311 0.933931
vt 0.073090 0.913194
vt 0.113827 0.779224
vt 0.100110 0.797119
vt 0.900708 0.563197
vt 0.900692 0.552594
vt 0.901119 0.554120
vt 0.903673 0.559727
vt 0.902685 0.476520
vt 0.901479 0.479261
vt 0.894924 0.474770
vt 0.893505 0.514616
vt 0.009400 0.875377
vt 0.676180 0.583926
vt 0.979780 0.958645
vt 0.864532 0.474141
vt 0.873016 0.473413
vt 0.768903 0.969136
vt 0.318186 0.944491
vt 0.552031 0.585160
vt 0.887361 0.529865
vt 0.889250 0.514772
vt 0.891470 0.513219
vt 0.092897 0.607947
vt 0.972307 0.670313
vt 0.983324 0.638954
vt 0.984304 0.646767
vt 0.977429 0.668399
vt 0.076416 0.906432
vt 0.070089 0.906141
vt 0.942305 0.018059
vt 0.969255 0.000000
vt 0.969255 0.019052
vt 0.942305 0.037111
vt 0.905842 0.355488
vt 0.933142 0.373805
vt 0.933142 0.392769
vt 0.905842 0.374452
vt 0.967962 0.671279
vt 0.978980 0.639920
vt 0.426852 0.759295
vt 0.426852 0.726055
vt 0.430555 0.728537
vt 0.430555 0.761777
vt 0.972622 0.361370
vt 0.976824 0.355488
vt 0.980724 0.357758
vt 0.976522 0.363640
vt 0.982683 0.375201
vt 0.978481 0.381083
vt 0.942932 0.126969
vt 0.958938 0.108985
vt 0.961035 0.131202
vt 0.943088 0.149200
vt 0.931152 0.482576
vt 0.914680 0.464543
vt 0.977500 0.453362
vt 0.973298 0.459245
vt 0.929917 0.511231
vt 0.911523 0.493148
vt 0.912266 0.486711
vt 0.930660 0.504794
vt 0.976824 0.474544
vt 0.972622 0.480426
vt 0.151110 0.949012
vt 0.157256 0.965961
vt 0.151110 0.970811
vt 0.144773 0.955511
vt 0.144390 0.949012
vt 0.151110 0.967618
vt 0.144390 0.970426
vt 0.796591 0.756118
vt 0.796058 0.625557
vt 0.796198 0.659820
vt 0.075306 0.278992
vt 0.796253 0.890379
vt 0.783536 0.889615
vt 0.342244 0.627752
vt 0.314766 0.627370
vt 0.313691 0.592318
vt 0.344789 0.580454
vt 0.338266 0.709827
vt 0.312737 0.707382
vt 0.314253 0.667759
vt 0.340226 0.669764
vt 0.874737 0.895579
vt 0.870311 0.929711
vt 0.843818 0.923139
vt 0.850202 0.892852
vt 0.867525 0.969500
vt 0.853112 0.969105
vt 0.057551 0.977809
vt 0.040355 0.957918
vt 0.048766 0.941145
vt 0.047882 0.939398
vt 0.066027 0.969083
vt 0.319478 0.862069
vt 0.305147 0.823546
vt 0.320971 0.820766
vt 0.329729 0.858648
vt 0.291884 0.789653
vt 0.312615 0.786394
vt 0.329558 0.851003
vt 0.487062 0.836606
vt 0.492685 0.798206
vt 0.514767 0.836655
vt 0.494978 0.753623
vt 0.519237 0.752204
vt 0.517987 0.798072
vt 0.335222 0.766059
vt 0.309833 0.762480
vt 0.310864 0.739784
vt 0.336474 0.742888
vt 0.849392 0.870300
vt 0.873123 0.869972
vt 0.310510 0.570085
vt 0.490712 0.709750
vt 0.517018 0.705245
vt 0.475612 0.664807
vt 0.512795 0.659059
vt 0.510475 0.614944
vt 0.511816 0.597783
vt 0.521883 0.583529
vt 0.335542 0.789905
vt 0.009021 0.243348
vt 0.010407 0.226645
vt 0.046002 0.231501
vt 0.037556 0.254313
vt 0.069060 0.255194
vt 0.084033 0.244541
vt 0.078607 0.220916
vt 0.077016 0.195041
vt 0.041751 0.201981
vt 0.010172 0.208006
vt 0.978989 0.211208
vt 0.965007 0.205393
vt 0.957976 0.180491
vt 0.978458 0.187420
vt 0.954309 0.156715
vt 0.984085 0.149200
vt 0.933444 0.183676
vt 0.915939 0.149200
vt 0.948912 0.209408
vt 0.252414 0.869402
vt 0.237900 0.866483
vt 0.246740 0.834432
vt 0.267952 0.837616
vt 0.255177 0.798357
vt 0.281812 0.802061
vt 0.224191 0.836968
vt 0.226478 0.801946
vt 0.222260 0.867916
vt 0.441109 0.345173
vt 0.441329 0.328669
vt 0.471367 0.328256
vt 0.471449 0.351675
vt 0.506521 0.325601
vt 0.506948 0.355800
vt 0.469261 0.301532
vt 0.440368 0.310484
vt 0.562750 0.348038
vt 0.562555 0.319401
vt 0.600762 0.316019
vt 0.600557 0.342206
vt 0.645686 0.314572
vt 0.643850 0.339459
vt 0.257979 0.772441
vt 0.287016 0.776092
vt 0.256946 0.748362
vt 0.286442 0.752442
vt 0.226592 0.776419
vt 0.225139 0.752104
vt 0.534430 0.322884
vt 0.534748 0.353809
vt 0.104483 0.220438
vt 0.104297 0.243454
vt 0.130256 0.228042
vt 0.124436 0.249530
vt 0.104944 0.195819
vt 0.132794 0.203034
vt 0.139064 0.261145
vt 0.163904 0.243428
vt 0.214782 0.242751
vt 0.214041 0.214107
vt 0.169714 0.211393
vt 0.255116 0.715447
vt 0.284631 0.720679
vt 0.253525 0.676345
vt 0.283326 0.680015
vt 0.223258 0.718599
vt 0.221080 0.678890
vt 0.287016 0.592181
vt 0.252954 0.604654
vt 0.255027 0.585525
vt 0.285533 0.570624
vt 0.148653 0.797119
vt 0.180405 0.806504
vt 0.176814 0.834488
vt 0.146146 0.827598
vt 0.210525 0.800369
vt 0.205654 0.830526
vt 0.214247 0.591611
vt 0.223697 0.570085
vt 0.252622 0.637456
vt 0.283168 0.638390
vt 0.218387 0.637952
vt 0.691761 0.316432
vt 0.686311 0.342708
vt 0.738454 0.320098
vt 0.730795 0.356489
vt 0.262279 0.240618
vt 0.308890 0.237377
vt 0.257146 0.210726
vt 0.301517 0.197553
vt 0.835007 0.304174
vt 0.839796 0.320185
vt 0.823031 0.321592
vt 0.837647 0.357870
vt 0.850976 0.332579
vt 0.021262 0.647018
vt 0.023383 0.662153
vt 0.004040 0.654379
vt 0.000000 0.642256
vt 0.785515 0.321830
vt 0.787424 0.359948
vt 0.355563 0.236038
vt 0.392883 0.238617
vt 0.357724 0.195829
vt 0.407837 0.196270
vt 0.386398 0.111639
vt 0.350638 0.119437
vt 0.349570 0.067460
vt 0.379120 0.061861
vt 0.350474 0.022139
vt 0.376845 0.019816
vt 0.319917 0.071994
vt 0.323994 0.023318
vt 0.314774 0.126126
vt 0.784508 0.394234
vt 0.741718 0.387437
vt 0.780169 0.433979
vt 0.744052 0.425270
vt 0.826244 0.397827
vt 0.815681 0.439269
vt 0.354956 0.160070
vt 0.396887 0.153863
vt 0.312463 0.164827
vt 0.019208 0.690419
vt 0.057770 0.691235
vt 0.058110 0.727072
vt 0.025728 0.731954
vt 0.058644 0.769838
vt 0.027401 0.773723
vt 0.086784 0.732551
vt 0.086753 0.774458
vt 0.028544 0.858420
vt 0.061297 0.854540
vt 0.062629 0.869571
vt 0.023130 0.874339
vt 0.941025 0.712559
vt 0.931012 0.750211
vt 0.922808 0.750718
vt 0.934281 0.706384
vt 0.941025 0.789019
vt 0.934281 0.796406
vt 0.091856 0.859278
vt 0.099778 0.875377
vt 0.059810 0.817186
vt 0.029164 0.820605
vt 0.087893 0.821392
vt 0.779096 0.485214
vt 0.749203 0.478650
vt 0.780073 0.530681
vt 0.753334 0.527258
vt 0.808390 0.488431
vt 0.806167 0.530499
vt 0.171447 0.875301
vt 0.141365 0.869135
vt 0.166597 0.913395
vt 0.134359 0.906782
vt 0.200077 0.871935
vt 0.197730 0.909791
vt 0.780856 0.553518
vt 0.751464 0.551242
vt 0.781187 0.561843
vt 0.747389 0.559411
vt 0.967727 0.699762
vt 0.964877 0.691307
vt 0.809465 0.551428
vt 0.164564 0.934645
vt 0.125633 0.926690
vt 0.164188 0.943975
vt 0.118379 0.934704
vt 0.202398 0.930334
vt 0.208755 0.938994
vt 0.351049 0.000913
vt 0.379994 0.000000
vt 0.967727 0.804901
vt 0.964877 0.815091
vt 0.109781 0.909654
vt 0.099778 0.914898
vt 0.321972 0.000441
vt 0.411370 0.247615
vt 0.419506 0.255713
vt 0.421227 0.222712
vt 0.423646 0.237738
vt 0.090271 0.690454
vt 0.057505 0.665418
vt 0.087576 0.660652
vt 0.057446 0.650567
vt 0.087375 0.646380
vt 0.425720 0.258504
vt 0.430281 0.258682
vt 0.426974 0.242508
vt 0.430555 0.242855
vt 0.059129 0.645357
vt 0.087494 0.640584
vt 0.422342 0.782242
vt 0.424174 0.753917
vt 0.426668 0.754492
vt 0.425486 0.780636
vt 0.422342 0.726055
vt 0.425254 0.733062
vt 0.031223 0.644760
vt 0.104671 0.252348
vt 0.086942 0.253650
vt 0.122243 0.257754
vt 0.103359 0.985744
vt 0.099778 0.972068
vt 0.077459 0.263500
vt 0.131343 0.267236
vt 0.826862 0.886367
vt 0.827061 0.870473
vt 0.287016 0.766421
vt 0.287805 0.744758
vt 0.842174 0.847034
vt 0.821549 0.854315
vt 0.866144 0.843471
vt 0.858199 0.806391
vt 0.828342 0.813905
vt 0.289795 0.713782
vt 0.291216 0.672477
vt 0.291320 0.629539
vt 0.287334 0.582311
vt 0.908075 0.658334
vt 0.874301 0.670755
vt 0.876430 0.618967
vt 0.912171 0.621124
vt 0.834188 0.913113
vt 0.818699 0.898062
vt 0.043987 0.903947
vt 0.056749 0.922701
vt 0.053115 0.937474
vt 0.125557 0.973590
vt 0.120471 0.949012
vt 0.136682 0.949267
vt 0.135827 0.965694
vt 0.125393 0.969962
vt 0.036183 0.954260
vt 0.015955 0.937428
vt 0.034487 0.971260
vt 0.000000 0.954715
vt 0.338143 0.823019
vt 0.341793 0.852655
vt 0.488014 0.955838
vt 0.483498 0.925444
vt 0.504437 0.925501
vt 0.502406 0.955804
vt 0.526896 0.926027
vt 0.517763 0.956120
vt 0.508396 0.891115
vt 0.479793 0.890930
vt 0.481600 0.864175
vt 0.511445 0.864258
vt 0.811667 0.842002
vt 0.855858 0.760515
vt 0.829225 0.760623
vt 0.831733 0.712001
vt 0.835384 0.665351
vt 0.860127 0.715746
vt 0.087482 0.976242
vt 0.072335 0.973832
vt 0.076372 0.958202
vt 0.423842 0.966991
vt 0.425366 0.976351
vt 0.426212 0.978120
vt 0.427747 0.984414
vt 0.415512 0.980088
vt 0.407579 0.964337
vt 0.471661 0.612881
vt 0.474321 0.613004
vt 0.475423 0.617122
vt 0.472191 0.567093
vt 0.509921 0.580304
vt 0.510165 0.600226
vt 0.836491 0.642284
vt 0.837108 0.620896
vt 0.834990 0.585560
vt 0.876836 0.573175
vt 0.831871 0.585998
vt 0.442141 0.652441
vt 0.436032 0.615018
vt 0.430555 0.578010
vt 0.317485 0.948790
vt 0.317485 0.989969
vt 0.290911 0.988529
vt 0.287016 0.953604
vt 0.985092 0.065731
vt 0.969255 0.072037
vt 0.974830 0.035251
vt 0.989419 0.036818
vt 0.969255 0.000000
vt 0.985092 0.009283
vt 0.420885 0.838437
vt 0.429452 0.836818
vt 0.427351 0.882550
vt 0.419050 0.875908
vt 0.404519 0.805464
vt 0.409607 0.796530
vt 0.957834 0.561852
vt 0.932324 0.564301
vt 0.932324 0.537807
vt 0.956378 0.539025
vt 0.933625 0.511231
vt 0.955942 0.516134
vt 0.377528 0.798251
vt 0.377019 0.787662
vt 0.355986 0.817456
vt 0.351084 0.811051
vt 0.850976 0.491318
vt 0.874380 0.482433
vt 0.879226 0.519373
vt 0.854650 0.520374
vt 0.874380 0.554294
vt 0.850976 0.547629
vt 0.887185 0.519861
vt 0.881240 0.562520
vt 0.881240 0.474770
vt 0.972347 0.076109
vt 0.992996 0.072037
vt 0.990951 0.098945
vt 0.969254 0.099216
vt 0.992996 0.125103
vt 0.969367 0.121736
vt 0.397508 0.895113
vt 0.401416 0.905939
vt 0.368828 0.897071
vt 0.370516 0.887900
vt 0.825848 0.567093
vt 0.402421 0.937208
vt 0.418988 0.936523
vt 0.423358 0.964096
vt 0.411620 0.964508
vt 0.404699 0.912361
vt 0.420476 0.911554
vt 0.988682 0.470875
vt 0.995935 0.467544
vt 0.994186 0.464485
vt 0.993467 0.450036
vt 0.982994 0.470614
vt 0.982683 0.455390
vt 0.988218 0.456291
vt 0.428564 0.910443
vt 0.426901 0.935037
vt 0.212010 0.856806
vt 0.213778 0.881664
vt 0.212010 0.884831
vt 0.956715 0.908919
vt 0.961620 0.906120
vt 0.970173 0.928088
vt 0.960814 0.916535
vt 0.966715 0.930649
vt 0.816341 0.883265
vt 0.817012 0.870625
vt 0.812470 0.857956
vt 0.038418 0.889181
vt 0.808875 0.889615
vt 0.814855 0.894046
vt 0.817794 0.892386
vt 0.805037 0.851744
vt 0.953142 0.215317
vt 0.951827 0.214550
vt 0.945863 0.225446
vt 0.940429 0.222103
vt 0.004630 0.226777
vt 0.004095 0.212682
vt 0.000000 0.211471
vt 0.245203 0.880176
vt 0.237547 0.878082
vt 0.234663 0.877899
vt 0.223171 0.879043
vt 0.333172 0.862504
vt 0.344789 0.863645
vt 0.430788 0.340885
vt 0.431035 0.328094
vt 0.430555 0.314069
vt 0.501589 0.967655
vt 0.515336 0.968007
vt 0.488230 0.967770
vt 0.977475 0.219801
vt 0.966319 0.215451
vt 0.963640 0.211847
vt 0.135558 0.984495
vt 0.135303 0.975475
vt 0.137090 0.980261
vt 0.124044 0.984495
vt 0.210525 0.943847
vt 0.163835 0.949012
vt 0.115852 0.939352
vt 0.344789 0.857511
vt 0.348983 0.856783
vt 0.366207 0.900911
vt 0.347089 0.808227
vt 0.931112 0.799082
vt 0.919175 0.751224
vt 0.931113 0.704774
vt 0.982683 0.401448
vt 0.986735 0.401657
vt 0.992680 0.446747
vt 0.989108 0.450036
vt 0.989108 0.355488
vt 0.992680 0.358998
vt 0.814064 0.559135
vt 0.815469 0.564258
vt 0.781268 0.567093
vt 0.746102 0.564542
vt 0.375127 0.783003
vt 0.410334 0.792535
vt 0.992114 0.759363
vt 0.987368 0.760699
vt 0.988222 0.725921
vt 0.992931 0.725936
vt 0.987368 0.691307
vt 0.992117 0.692665
vt 0.401414 0.910443
vt 0.429452 0.885219
vt 0.086599 0.638445
vt 0.084002 0.636144
vt 0.095151 0.623814
vt 0.098539 0.625523
vt 0.081314 0.635394
vt 0.092196 0.623753
vt 0.038701 0.644082
vt 0.034082 0.642417
vt 0.058615 0.641356
vt 0.060244 0.643782
vt 0.972844 0.925767
vt 0.962605 0.903055
vt 0.979780 0.948958
vt 0.976584 0.946267
vt 0.972102 0.932023
vt 0.013211 0.642626
vt 0.021596 0.642945
vt 0.979607 0.961617
vt 0.974718 0.953349
vt 0.971844 0.971976
vt 0.969461 0.961403
vt 0.076403 0.952937
vt 0.070075 0.952645
vt 0.213778 0.849640
vt 0.210525 0.856806
vt 0.210525 0.837357
vt 0.212720 0.829869
vt 0.956715 0.988772
vt 0.956762 0.983269
vt 0.961511 0.975297
vt 0.962808 0.972970
vt 0.137178 0.953974
vt 0.047895 0.968175
vt 0.426966 0.937338
vt 0.428564 0.959288
vt 0.424475 0.960810
vt 0.919175 0.583926
vt 0.064919 0.934610
vt 0.330336 0.862820
vt 0.322850 0.865290
vt 0.840129 0.969136
vt 0.826452 0.929938
vt 0.831877 0.927195
vt 0.428188 0.761777
vt 0.429392 0.763141
vt 0.428188 0.773647
vt 0.969258 0.931082
vt 0.967265 0.932836
vt 0.984304 0.681287
vt 0.983324 0.685471
vt 0.072354 0.959594
vt 0.066027 0.959302
vt 0.915939 0.019413
vt 0.915939 0.000361
vt 0.958590 0.356872
vt 0.958590 0.375836
vt 0.210525 0.797119
vt 0.213231 0.800730
vt 0.213231 0.829869
vt 0.210525 0.826258
vt 0.962465 0.387542
vt 0.958590 0.389998
vt 0.968747 0.363813
vt 0.972622 0.361356
vt 0.964435 0.357945
vt 0.968309 0.355488
vt 0.967069 0.381717
vt 0.962757 0.375849
vt 0.925724 0.131441
vt 0.927511 0.109197
vt 0.945772 0.465359
vt 0.971169 0.469756
vt 0.966857 0.463888
vt 0.963312 0.512967
vt 0.959000 0.507099
vt 0.968309 0.484049
vt 0.972622 0.489917
vt 0.947202 0.487628
vt 0.162120 0.949012
vt 0.162120 0.969246
vt 0.157256 0.966145
vt 0.142446 0.959583
vt 0.144390 0.977410
vt 0.137178 0.976925
vt 0.144390 0.949012
vt 1.000000 0.500000
vt 1.000000 1.000000
vt 0.916667 1.000000
vt 0.916667 0.500000
vt 0.666667 0.500000
vt 0.750000 0.500000
vt 0.833333 0.500000
vt 0.833333 1.000000
vt 0.750000 1.000000
vt 0.583333 1.000000
vt 0.500000 1.000000
vt 0.666667 1.000000
vt 0.583333 0.500000
vt 0.500000 0.500000
vt 0.416667 1.000000
vt 0.416667 0.500000
vt 0.333333 1.000000
vt 0.333333 0.500000
vt 0.250000 1.000000
vt 0.250000 0.500000
vt 0.166667 0.500000
vt 0.166667 1.000000
vt 0.083333 1.000000
vt 0.083333 0.500000
vt 0.000000 1.000000
vt 0.000000 0.500000
vt 0.273517 0.135323
vt 0.480679 0.178450
vt 0.480679 0.554992
vt 0.273703 0.533454
s 0
usemtl piel_buho.001
f 1/1/1 147/2/1 434/3/1 163/4/1
f 147/2/2 2/5/2 162/6/2 434/3/2
f 434/3/3 162/6/3 11/7/3 159/8/3
f 163/4/4 434/3/4 159/8/4 10/9/4
f 3/10/5 149/11/5 435/12/5 150/13/5
f 149/11/6 4/14/6 151/15/6 435/12/6
f 435/12/7 151/15/7 8/16/7 152/17/7
f 150/13/8 435/12/8 152/17/8 7/18/8
f 7/19/9 152/20/9 436/21/9 153/22/9
f 152/23/10 8/24/10 154/25/10 436/26/10
f 436/26/11 154/25/11 6/27/11 155/28/11
f 153/22/12 436/21/12 155/29/12 5/30/12
f 5/31/13 155/32/13 437/33/13 156/34/13
f 155/32/14 6/35/14 157/36/14 437/33/14
f 437/33/15 157/36/15 2/5/15 147/2/15
f 156/34/16 437/33/16 147/2/16 1/1/16
f 3/37/17 150/38/17 438/39/17 146/40/17
f 150/38/18 7/19/18 153/22/18 438/39/18
f 438/39/19 153/22/19 5/30/19 156/41/19
f 146/40/20 438/39/20 156/41/20 1/42/20
f 8/24/21 151/43/21 439/44/21 154/25/21
f 151/43/22 4/45/22 148/46/22 439/44/22
f 439/44/23 148/46/23 2/47/23 157/48/23
f 154/25/24 439/44/24 157/48/24 6/27/24
f 9/49/25 158/50/25 440/51/25 171/52/25
f 10/53/26 170/54/26 440/51/26 158/50/26
f 14/55/27 166/56/27 440/51/27 170/54/27
f 80/57/28 293/58/28 440/51/28 166/56/28
f 13/59/29 171/52/29 440/51/29 293/58/29
f 2/47/30 148/46/30 441/60/30 162/61/30
f 148/46/31 4/45/31 164/62/31 441/60/31
f 441/60/32 164/62/32 12/63/32 160/64/32
f 162/61/33 441/60/33 160/64/33 11/65/33
f 3/66/34 146/67/34 442/68/34 165/69/34
f 146/67/35 1/70/35 163/71/35 442/68/35
f 442/68/36 163/71/36 10/53/36 158/50/36
f 165/69/37 442/68/37 158/50/37 9/49/37
f 4/14/38 149/11/38 443/72/38 164/73/38
f 149/11/39 3/10/39 165/74/39 443/72/39
f 443/72/40 165/74/40 9/75/40 161/76/40
f 164/73/41 443/72/41 161/76/41 12/77/41
f 16/78/42 169/79/42 444/80/42 179/81/42
f 169/79/42 13/82/42 178/83/42 444/80/42
f 444/80/42 178/83/42 17/84/42 177/85/42
f 179/81/42 444/80/42 177/85/42 20/86/42
f 12/77/43 161/76/43 445/87/43 172/88/43
f 161/76/44 9/75/44 171/89/44 445/87/44
f 445/87/45 171/89/45 13/82/45 169/79/45
f 172/88/46 445/87/46 169/79/46 16/78/46
f 10/9/47 159/8/47 446/90/47 170/91/47
f 159/8/48 11/7/48 173/92/48 446/90/48
f 446/90/49 173/92/49 15/93/49 167/94/49
f 170/91/50 446/90/50 167/94/50 14/95/50
f 11/65/51 160/64/51 447/96/51 173/97/51
f 160/64/52 12/63/52 172/98/52 447/96/52
f 447/96/53 172/98/53 16/99/53 168/100/53
f 173/97/54 447/96/54 168/100/54 15/101/54
f 19/102/55 176/103/55 448/104/55 187/105/55
f 176/103/56 20/106/56 186/107/56 448/104/56
f 448/104/57 186/107/57 24/108/57 184/109/57
f 187/105/58 448/104/58 184/109/58 23/110/58
f 14/95/59 167/94/59 449/111/59 181/112/59
f 167/94/60 15/93/60 180/113/60 449/111/60
f 449/111/61 180/113/61 19/114/61 175/115/61
f 181/112/62 449/111/62 175/115/62 18/116/62
f 15/101/63 168/100/63 450/117/63 180/118/63
f 168/100/64 16/99/64 179/119/64 450/117/64
f 450/117/65 179/119/65 20/106/65 176/103/65
f 180/118/66 450/117/66 176/103/66 19/102/66
f 80/57/67 166/56/67 451/120/67 295/121/67
f 166/56/68 14/55/68 181/122/68 451/120/68
f 451/120/69 181/122/69 18/123/69 174/124/69
f 295/121/70 451/120/70 174/124/70 81/125/70
f 24/126/42 185/127/42 452/128/42 195/129/42
f 185/127/42 21/130/42 194/131/42 452/128/42
f 452/128/42 194/131/42 25/132/42 193/133/42
f 195/129/42 452/128/42 193/133/42 28/134/42
f 17/135/71 294/136/71 453/137/71 189/138/71
f 81/125/72 174/124/72 453/137/72 294/136/72
f 18/123/73 188/139/73 453/137/73 174/124/73
f 22/140/74 182/141/74 453/137/74 188/139/74
f 21/142/75 189/138/75 453/137/75 182/141/75
f 20/86/42 177/85/42 454/143/42 186/144/42
f 177/85/42 17/84/42 189/145/42 454/143/42
f 454/143/42 189/145/42 21/130/42 185/127/42
f 186/144/42 454/143/42 185/127/42 24/126/42
f 18/116/76 175/115/76 455/146/76 188/147/76
f 175/115/77 19/114/77 187/148/77 455/146/77
f 455/146/78 187/148/78 23/149/78 183/150/78
f 188/147/79 455/146/79 183/150/79 22/151/79
f 26/152/80 191/153/80 456/154/80 211/155/80
f 191/153/81 27/156/81 210/157/81 456/154/81
f 456/154/82 210/157/82 34/158/82 206/159/82
f 211/155/83 456/154/83 206/159/83 33/160/83
f 22/151/84 183/150/84 457/161/84 197/162/84
f 183/150/85 23/149/85 196/163/85 457/161/85
f 457/161/86 196/163/86 27/164/86 191/165/86
f 197/162/87 457/161/87 191/165/87 26/166/87
f 23/110/88 184/109/88 458/167/88 196/168/88
f 184/109/89 24/108/89 195/169/89 458/167/89
f 458/167/90 195/169/90 28/170/90 192/171/90
f 196/168/91 458/167/91 192/171/91 27/172/91
f 21/142/92 182/141/92 459/173/92 194/174/92
f 182/141/93 22/140/93 197/175/93 459/173/93
f 459/173/94 197/175/94 26/176/94 190/177/94
f 194/174/95 459/173/95 190/177/95 25/178/95
f 31/179/96 200/180/96 460/181/96 243/182/96
f 200/180/97 32/183/97 242/184/97 460/181/97
f 460/181/98 242/184/98 52/185/98 240/186/98
f 243/182/99 460/181/99 240/186/99 51/187/99
f 27/172/100 192/171/100 461/188/100 202/189/100
f 192/171/101 28/170/101 204/190/101 461/188/101
f 461/188/102 204/190/102 32/183/102 200/180/102
f 202/189/103 461/188/103 200/180/103 31/179/103
f 25/178/104 190/177/104 462/191/104 205/192/104
f 190/177/105 26/176/105 203/193/105 462/191/105
f 462/191/106 203/193/106 30/194/106 198/195/106
f 205/192/107 462/191/107 198/195/107 29/196/107
f 28/134/42 193/133/42 463/197/42 204/198/42
f 193/133/42 25/132/42 205/199/42 463/197/42
f 463/197/42 205/199/42 29/200/42 201/201/42
f 204/198/42 463/197/42 201/201/42 32/202/42
f 35/203/108 209/204/108 464/205/108 219/206/108
f 209/204/109 33/207/109 218/208/109 464/205/109
f 464/205/110 218/208/110 37/209/110 217/210/110
f 219/206/111 464/205/111 217/210/111 39/211/111
f 27/172/112 202/189/112 465/212/112 210/213/112
f 202/189/113 31/179/113 212/214/113 465/212/113
f 465/212/114 212/214/114 36/215/114 208/216/114
f 210/213/115 465/212/115 208/216/115 34/217/115
f 30/194/116 203/193/116 466/218/116 213/219/116
f 203/193/117 26/176/117 211/220/117 466/218/117
f 466/218/118 211/220/118 33/207/118 209/204/118
f 213/219/119 466/218/119 209/204/119 35/203/119
f 31/221/120 199/222/120 467/223/120 212/224/120
f 199/222/121 30/225/121 213/226/121 467/223/121
f 467/223/122 213/226/122 35/227/122 207/228/122
f 212/224/123 467/223/123 207/228/123 36/229/123
f 40/230/124 215/231/124 468/232/124 227/233/124
f 215/231/125 39/234/125 226/235/125 468/232/125
f 468/232/126 226/235/126 43/236/126 223/237/126
f 227/233/127 468/232/127 223/237/127 44/238/127
f 36/229/128 207/228/128 469/239/128 220/240/128
f 207/228/129 35/227/129 219/241/129 469/239/129
f 469/239/130 219/241/130 39/234/130 215/231/130
f 220/240/131 469/239/131 215/231/131 40/230/131
f 34/217/132 208/216/132 470/242/132 221/243/132
f 208/216/133 36/215/133 220/244/133 470/242/133
f 470/242/134 220/244/134 40/245/134 216/246/134
f 221/243/135 470/242/135 216/246/135 38/247/135
f 33/160/136 206/159/136 471/248/136 218/249/136
f 206/159/137 34/158/137 221/250/137 471/248/137
f 471/248/138 221/250/138 38/251/138 214/252/138
f 218/249/139 471/248/139 214/252/139 37/253/139
f 43/254/140 225/255/140 472/256/140 235/257/140
f 225/255/141 41/258/141 234/259/141 472/256/141
f 472/256/142 234/259/142 45/260/142 233/261/142
f 235/257/143 472/256/143 233/261/143 47/262/143
f 38/247/144 216/246/144 473/263/144 228/264/144
f 216/246/145 40/245/145 227/265/145 473/263/145
f 473/263/146 227/265/146 44/266/146 224/267/146
f 228/264/147 473/263/147 224/267/147 42/268/147
f 37/253/148 214/252/148 474/269/148 229/270/148
f 214/252/149 38/251/149 228/271/149 474/269/149
f 474/269/150 228/271/150 42/272/150 222/273/150
f 229/270/151 474/269/151 222/273/151 41/274/151
f 39/211/152 217/210/152 475/275/152 226/276/152
f 217/210/153 37/209/153 229/277/153 475/275/153
f 475/275/154 229/277/154 41/258/154 225/255/154
f 226/276/155 475/275/155 225/255/155 43/254/155
f 45/278/156 230/279/156 476/280/156 233/281/156
f 230/279/157 46/282/157 232/283/157 476/280/157
f 476/280/158 232/283/158 48/284/158 231/285/158
f 233/281/159 476/280/159 231/285/159 47/286/159
f 44/238/160 223/237/160 477/287/160 236/288/160
f 223/237/161 43/236/161 235/289/161 477/287/161
f 477/287/162 235/289/162 47/290/162 231/291/162
f 236/288/163 477/287/163 231/291/163 48/292/163
f 42/268/164 224/267/164 478/293/164 237/294/164
f 224/267/165 44/266/165 236/295/165 478/293/165
f 478/293/166 236/295/166 48/296/166 232/297/166
f 237/298/167 478/299/167 232/283/167 46/282/167
f 41/274/168 222/273/168 479/300/168 234/301/168
f 222/273/169 42/272/169 237/302/169 479/300/169
f 479/300/170 237/302/170 46/303/170 230/304/170
f 234/301/171 479/300/171 230/304/171 45/305/171
f 51/187/172 240/186/172 480/306/172 251/307/172
f 240/186/173 52/185/173 250/308/173 480/306/173
f 480/306/174 250/308/174 56/309/174 248/310/174
f 251/311/175 480/312/175 248/313/175 55/314/175
f 29/196/176 198/195/176 481/315/176 245/316/176
f 198/195/177 30/194/177 244/317/177 481/315/177
f 481/318/178 244/319/178 50/320/178 238/321/178
f 245/316/179 481/315/179 238/322/179 49/323/179
f 32/202/42 201/201/42 482/324/42 242/325/42
f 201/201/42 29/200/42 245/326/42 482/324/42
f 482/324/42 245/326/42 49/327/42 241/328/42
f 242/325/42 482/324/42 241/328/42 52/329/42
f 30/225/180 199/222/180 483/330/180 244/319/180
f 199/222/181 31/221/181 243/331/181 483/330/181
f 483/330/182 243/331/182 51/332/182 239/333/182
f 244/319/183 483/330/183 239/333/183 50/320/183
f 53/334/184 246/335/184 484/336/184 259/337/184
f 246/335/185 54/338/185 258/339/185 484/336/185
f 484/336/186 258/339/186 58/340/186 254/341/186
f 259/337/187 484/336/187 254/341/187 57/342/187
f 49/323/188 238/322/188 485/343/188 253/344/188
f 238/322/189 50/345/189 252/346/189 485/343/189
f 485/343/190 252/346/190 54/338/190 246/335/190
f 253/344/191 485/343/191 246/335/191 53/334/191
f 52/329/42 241/328/42 486/347/42 250/348/42
f 241/328/42 49/327/42 253/349/42 486/347/42
f 486/347/42 253/349/42 53/350/42 249/351/42
f 250/348/42 486/347/42 249/351/42 56/352/42
f 50/320/192 239/333/192 487/353/192 252/354/192
f 239/333/193 51/332/193 251/355/193 487/353/193
f 487/356/194 251/311/194 55/314/194 247/357/194
f 252/358/195 487/356/195 247/357/195 54/359/195
f 56/352/42 249/351/42 488/360/42 260/361/42
f 249/351/42 53/350/42 259/362/42 488/360/42
f 488/360/42 259/362/42 57/363/42 257/364/42
f 260/361/42 488/360/42 257/364/42 60/365/42
f 54/359/196 247/357/196 489/366/196 258/367/196
f 55/314/197 261/368/197 489/366/197 247/357/197
f 59/369/198 255/370/198 489/366/198 261/368/198
f 67/371/199 273/372/199 489/366/199 255/370/199
f 58/373/200 258/367/200 489/366/200 273/372/200
f 55/374/201 248/375/201 490/376/201 261/377/201
f 248/375/202 56/378/202 260/379/202 490/376/202
f 490/376/203 260/379/203 60/380/203 256/381/203
f 261/377/204 490/376/204 256/381/204 59/382/204
f 70/383/205 278/384/205 491/385/205 267/386/205
f 64/393/209 264/394/209 491/385/209 277/392/209
f 63/395/210 267/386/210 491/385/210 264/394/210
f 57/342/211 254/341/211 492/396/211 266/397/211
f 58/340/212 268/398/212 492/396/212 254/341/212
f 69/399/213 275/400/213 492/401/213 268/402/213
f 62/403/214 262/404/214 492/401/214 275/400/214
f 83/405/215 301/406/215 492/396/215 262/407/215
f 61/408/216 266/397/216 492/396/216 301/406/216
f 66/418/221 271/419/221 494/420/221 276/421/221
f 276/421/224 494/420/224 278/426/224 70/427/224
f 80/57/245 295/121/245 500/447/245 297/448/245
f 295/121/246 81/125/246 296/449/246 500/447/246
f 13/450/247 293/451/247 501/452/247 298/453/247
f 293/58/248 80/57/248 297/448/248 501/454/248
f 81/125/249 294/136/249 502/455/249 296/449/249
f 294/136/250 17/135/250 299/456/250 502/455/250
f 17/84/42 178/83/42 503/457/42 299/458/42
f 178/83/42 13/82/42 298/459/42 503/457/42
f 68/460/251 263/461/251 504/462/251 274/463/251
f 63/464/252 264/465/252 504/462/252 263/461/252
f 64/466/253 300/467/253 504/462/253 264/465/253
f 82/468/254 265/469/254 504/462/254 300/467/254
f 61/470/255 301/471/255 504/462/255 265/469/255
f 83/472/256 262/473/256 504/462/256 301/471/256
f 62/474/257 274/463/257 504/462/257 262/473/257
f 67/371/258 255/370/258 505/475/258 273/372/258
f 59/369/259 270/476/259 505/475/259 255/370/259
f 66/418/260 276/421/260 505/475/260 270/476/260
f 70/427/261 267/477/261 505/475/261 276/421/261
f 63/478/262 263/479/262 505/475/262 267/477/262
f 68/480/263 274/481/263 505/475/263 263/479/263
f 62/403/264 275/400/264 505/475/264 274/481/264
f 69/399/265 268/402/265 505/475/265 275/400/265
f 58/373/266 273/372/266 505/475/266 268/402/266
f 60/485/269 304/483/269 506/482/269 303/484/269
f 66/418/270 270/476/270 507/486/270 271/419/270
f 59/369/271 302/487/271 507/486/271 270/476/271
f 59/382/273 256/381/273 508/490/273 302/491/273
f 60/485/274 303/484/274 508/492/274 256/493/274
f 84/498/279 322/499/279 510/500/279 306/501/279
f 322/499/280 93/502/280 318/503/280 510/500/280
f 510/500/281 318/503/281 94/504/281 321/505/281
f 306/501/282 510/500/282 321/505/282 85/506/282
f 86/507/16 309/508/16 511/509/16 308/510/16
f 309/508/13 90/511/13 311/512/13 511/509/13
f 511/509/14 311/512/14 91/513/14 310/514/14
f 308/510/15 511/509/15 310/514/15 87/515/15
f 90/516/12 312/517/12 512/518/12 311/519/12
f 312/517/9 88/520/9 314/521/9 512/518/9
f 512/522/10 314/523/10 89/524/10 313/525/10
f 311/526/11 512/522/11 313/525/11 91/527/11
f 88/528/8 315/529/8 513/530/8 314/531/8
f 315/529/5 84/498/5 306/501/5 513/530/5
f 513/530/6 306/501/6 85/506/6 316/532/6
f 314/531/7 513/530/7 316/532/7 89/533/7
f 86/534/20 305/535/20 514/536/20 309/537/20
f 305/535/17 84/538/17 315/539/17 514/536/17
f 514/536/18 315/539/18 88/520/18 312/517/18
f 309/537/19 514/536/19 312/517/19 90/516/19
f 91/527/24 313/525/24 515/540/24 310/541/24
f 313/525/21 89/524/21 316/542/21 515/540/21
f 515/540/22 316/542/22 85/543/22 307/544/22
f 310/541/23 515/540/23 307/544/23 87/545/23
f 92/546/283 329/547/283 516/548/283 317/549/283
f 13/59/284 425/550/284 516/548/284 329/547/284
f 143/551/285 325/552/285 516/548/285 425/550/285
f 96/553/286 328/554/286 516/548/286 325/552/286
f 93/555/287 317/549/287 516/548/287 328/554/287
f 85/543/288 321/556/288 517/557/288 307/544/288
f 321/556/289 94/558/289 319/559/289 517/557/289
f 517/557/290 319/559/290 95/560/290 323/561/290
f 307/544/291 517/557/291 323/561/291 87/545/291
f 86/562/292 324/563/292 518/564/292 305/565/292
f 324/563/293 92/546/293 317/549/293 518/564/293
f 518/564/294 317/549/294 93/555/294 322/566/294
f 305/565/295 518/564/295 322/566/295 84/567/295
f 87/515/296 323/568/296 519/569/296 308/510/296
f 323/568/297 95/570/297 320/571/297 519/569/297
f 519/569/298 320/571/298 92/572/298 324/573/298
f 308/510/299 519/569/299 324/573/299 86/507/299
f 95/570/300 330/574/300 520/575/300 320/571/300
f 330/574/301 16/576/301 169/577/301 520/575/301
f 520/575/302 169/577/302 13/578/302 329/579/302
f 320/571/303 520/575/303 329/579/303 92/572/303
f 93/502/304 328/580/304 521/581/304 318/503/304
f 328/580/305 96/582/305 326/583/305 521/581/305
f 521/581/306 326/583/306 97/584/306 331/585/306
f 318/503/307 521/581/307 331/585/307 94/504/307
f 94/558/308 331/586/308 522/587/308 319/559/308
f 331/586/309 97/588/309 327/589/309 522/587/309
f 522/587/310 327/589/310 16/99/310 330/590/310
f 319/559/311 522/587/311 330/590/311 95/560/311
f 99/591/312 340/592/312 523/593/312 334/594/312
f 340/592/313 101/595/313 339/596/313 523/593/313
f 523/593/314 339/596/314 24/108/314 186/107/314
f 334/594/315 523/593/315 186/107/315 20/106/315
f 96/582/316 336/597/316 524/598/316 326/583/316
f 336/597/317 98/599/317 333/600/317 524/598/317
f 524/598/318 333/600/318 99/601/318 335/602/318
f 326/583/319 524/598/319 335/602/319 97/584/319
f 97/588/320 335/603/320 525/604/320 327/589/320
f 335/603/321 99/591/321 334/594/321 525/604/321
f 525/604/322 334/594/322 20/106/322 179/119/322
f 327/589/323 525/604/323 179/119/323 16/99/323
f 143/551/324 427/605/324 526/606/324 325/552/324
f 427/605/325 144/607/325 332/608/325 526/606/325
f 526/606/326 332/608/326 98/609/326 336/610/326
f 325/552/327 526/606/327 336/610/327 96/553/327
f 17/135/328 189/138/328 527/611/328 426/612/328
f 21/142/329 337/613/329 527/611/329 189/138/329
f 100/614/330 341/615/330 527/611/330 337/613/330
f 98/609/331 332/608/331 527/611/331 341/615/331
f 144/607/332 426/612/332 527/611/332 332/608/332
f 98/599/333 341/616/333 528/617/333 333/600/333
f 341/616/334 100/618/334 338/619/334 528/617/334
f 528/617/335 338/619/335 101/620/335 340/621/335
f 333/600/336 528/617/336 340/621/336 99/601/336
f 102/622/337 357/623/337 529/624/337 343/625/337
f 357/623/338 106/626/338 352/627/338 529/624/338
f 529/624/339 352/627/339 107/628/339 356/629/339
f 343/625/340 529/624/340 356/629/340 103/630/340
f 100/618/341 346/631/341 530/632/341 338/619/341
f 346/631/342 102/633/342 343/634/342 530/632/342
f 530/632/343 343/634/343 103/635/343 345/636/343
f 338/619/344 530/632/344 345/636/344 101/620/344
f 101/595/345 345/637/345 531/638/345 339/596/345
f 345/637/346 103/639/346 344/640/346 531/638/346
f 531/638/347 344/640/347 28/170/347 195/169/347
f 339/596/348 531/638/348 195/169/348 24/108/348
f 21/142/349 194/174/349 532/641/349 337/613/349
f 194/174/350 25/178/350 342/642/350 532/641/350
f 532/641/351 342/642/351 102/643/351 346/644/351
f 337/613/352 532/641/352 346/644/352 100/614/352
f 105/645/353 387/646/353 533/647/353 349/648/353
f 387/646/354 123/649/354 386/650/354 533/647/354
f 533/647/355 386/650/355 52/185/355 242/184/355
f 349/648/356 533/647/356 242/184/356 32/183/356
f 103/639/357 350/651/357 534/652/357 344/640/357
f 350/651/358 105/645/358 349/648/358 534/652/358
f 534/652/359 349/648/359 32/183/359 204/190/359
f 344/640/360 534/652/360 204/190/360 28/170/360
f 25/178/361 205/192/361 535/653/361 342/642/361
f 205/192/362 29/196/362 347/654/362 535/653/362
f 535/653/363 347/654/363 104/655/363 351/656/363
f 342/642/364 535/653/364 351/656/364 102/643/364
f 108/657/365 365/658/365 536/659/365 355/660/365
f 365/658/366 112/661/366 363/662/366 536/659/366
f 536/659/367 363/662/367 110/663/367 364/664/367
f 355/660/368 536/659/368 364/664/368 106/665/368
f 103/639/369 356/666/369 537/667/369 350/651/369
f 356/666/370 107/668/370 354/669/370 537/667/370
f 537/667/371 354/669/371 109/670/371 358/671/371
f 350/651/372 537/667/372 358/671/372 105/645/372
f 104/655/373 359/672/373 538/673/373 351/656/373
f 359/672/374 108/657/374 355/660/374 538/673/374
f 538/673/375 355/660/375 106/665/375 357/674/375
f 351/656/376 538/673/376 357/674/376 102/643/376
f 105/675/377 358/676/377 539/677/377 348/678/377
f 358/676/378 109/679/378 353/680/378 539/677/378
f 539/677/379 353/680/379 108/681/379 359/682/379
f 348/678/380 539/677/380 359/682/380 104/683/380
f 113/684/381 373/685/381 540/686/381 361/687/381
f 373/685/382 117/688/382 369/689/382 540/686/382
f 540/686/383 369/689/383 116/690/383 372/691/383
f 361/687/384 540/686/384 372/691/384 112/692/384
f 109/679/385 366/693/385 541/694/385 353/680/385
f 366/693/386 113/684/386 361/687/386 541/694/386
f 541/694/387 361/687/387 112/692/387 365/695/387
f 353/680/388 541/694/388 365/695/388 108/681/388
f 107/668/389 367/696/389 542/697/389 354/669/389
f 367/696/390 111/698/390 362/699/390 542/697/390
f 542/697/391 362/699/391 113/700/391 366/701/391
f 354/669/392 542/697/392 366/701/392 109/670/392
f 106/626/393 364/702/393 543/703/393 352/627/393
f 364/702/394 110/704/394 360/705/394 543/703/394
f 543/703/395 360/705/395 111/706/395 367/707/395
f 352/627/396 543/703/396 367/707/396 107/628/396
f 116/708/397 381/709/397 544/710/397 371/711/397
f 381/709/398 120/712/398 379/713/398 544/710/398
f 544/710/399 379/713/399 118/714/399 380/715/399
f 371/711/400 544/710/400 380/715/400 114/716/400
f 111/698/401 374/717/401 545/718/401 362/699/401
f 374/717/402 115/719/402 370/720/402 545/718/402
f 545/718/403 370/720/403 117/721/403 373/722/403
f 362/699/404 545/718/404 373/722/404 113/700/404
f 110/704/405 375/723/405 546/724/405 360/705/405
f 375/723/406 114/725/406 368/726/406 546/724/406
f 546/724/407 368/726/407 115/727/407 374/728/407
f 360/705/408 546/724/408 374/728/408 111/706/408
f 112/661/409 372/729/409 547/730/409 363/662/409
f 372/729/410 116/708/410 371/711/410 547/730/410
f 547/730/411 371/711/411 114/716/411 375/731/411
f 363/662/412 547/730/412 375/731/412 110/663/412
f 118/732/413 379/733/413 548/734/413 376/735/413
f 379/733/414 120/736/414 377/737/414 548/734/414
f 548/734/415 377/737/415 121/738/415 378/739/415
f 376/735/416 548/734/416 378/739/416 119/740/416
f 117/688/417 382/741/417 549/742/417 369/689/417
f 382/741/418 121/743/418 377/744/418 549/742/418
f 549/742/419 377/744/419 120/745/419 381/746/419
f 369/689/420 549/742/420 381/746/420 116/690/420
f 115/719/421 383/747/421 550/748/421 370/720/421
f 383/749/422 119/740/422 378/739/422 550/750/422
f 550/748/423 378/751/423 121/752/423 382/753/423
f 370/720/424 550/748/424 382/753/424 117/721/424
f 114/725/425 380/754/425 551/755/425 368/726/425
f 380/754/426 118/756/426 376/757/426 551/755/426
f 551/755/427 376/757/427 119/758/427 383/759/427
f 368/726/428 551/755/428 383/759/428 115/727/428
f 123/649/429 392/760/429 552/761/429 386/650/429
f 392/760/430 125/762/430 391/763/430 552/761/430
f 552/761/431 391/763/431 56/309/431 250/308/431
f 386/650/432 552/761/432 250/308/432 52/185/432
f 29/196/433 245/316/433 553/764/433 347/654/433
f 245/316/434 49/323/434 384/765/434 553/764/434
f 553/766/435 384/767/435 122/768/435 388/769/435
f 347/654/436 553/764/436 388/770/436 104/655/436
f 104/683/437 388/769/437 554/771/437 348/678/437
f 388/769/438 122/768/438 385/772/438 554/771/438
f 554/771/439 385/772/439 123/773/439 387/774/439
f 348/678/440 554/771/440 387/774/440 105/675/440
f 53/334/441 259/337/441 555/775/441 389/776/441
f 259/337/442 57/342/442 394/777/442 555/775/442
f 555/775/443 394/777/443 126/778/443 397/779/443
f 389/776/444 555/775/444 397/779/444 124/780/444
f 49/323/445 253/344/445 556/781/445 384/765/445
f 253/344/446 53/334/446 389/776/446 556/781/446
f 556/781/447 389/776/447 124/780/447 393/782/447
f 384/765/448 556/781/448 393/782/448 122/783/448
f 122/768/449 393/784/449 557/785/449 385/772/449
f 393/786/450 124/787/450 390/788/450 557/789/450
f 557/789/451 390/788/451 125/790/451 392/791/451
f 385/772/452 557/785/452 392/792/452 123/773/452
f 124/787/453 397/793/453 558/794/453 390/788/453
f 126/795/454 406/796/454 558/794/454 397/793/454
f 131/797/455 395/798/455 558/794/455 406/796/455
f 127/799/456 398/800/456 558/794/456 395/798/456
f 125/790/457 390/788/457 558/794/457 398/800/457
f 125/801/458 398/802/458 559/803/458 391/804/458
f 398/802/459 127/805/459 396/806/459 559/803/459
f 559/803/460 396/806/460 60/380/460 260/379/460
f 391/804/461 559/803/461 260/379/461 56/378/461
f 134/807/462 402/808/462 560/809/462 410/810/462
f 129/811/463 401/812/463 560/809/463 402/808/463
f 64/393/464 277/392/464 560/809/464 401/812/464
f 57/342/468 266/397/468 561/817/468 394/777/468
f 61/408/469 430/818/469 561/817/469 266/397/469
f 145/819/470 399/820/470 561/817/470 430/818/470
f 128/821/471 408/822/471 561/823/471 399/824/471
f 133/825/472 403/826/472 561/823/472 408/822/472
f 126/778/473 394/777/473 561/817/473 403/827/473
f 130/835/478 409/836/478 563/837/478 405/838/478
f 409/836/479 134/839/479 410/840/479 563/837/479
f 143/551/502 429/864/502 569/865/502 427/605/502
f 427/605/503 569/865/503 428/866/503 144/607/503
f 13/450/504 298/453/504 570/867/504 425/868/504
f 425/550/505 570/869/505 429/864/505 143/551/505
f 144/607/506 428/866/506 571/870/506 426/612/506
f 426/612/507 571/870/507 299/456/507 17/135/507
f 132/871/508 407/872/508 572/873/508 400/874/508
f 128/875/509 399/876/509 572/873/509 407/872/509
f 145/877/510 430/878/510 572/873/510 399/876/510
f 61/470/511 265/469/511 572/873/511 430/878/511
f 82/468/512 300/467/512 572/873/512 265/469/512
f 64/466/513 401/879/513 572/873/513 300/467/513
f 129/880/514 400/874/514 572/873/514 401/879/514
f 131/797/515 406/796/515 573/881/515 395/798/515
f 126/795/516 403/826/516 573/881/516 406/796/516
f 133/825/517 408/822/517 573/881/517 403/826/517
f 128/821/518 407/882/518 573/881/518 408/822/518
f 132/883/519 400/884/519 573/881/519 407/882/519
f 129/885/520 402/886/520 573/881/520 400/884/520
f 134/839/521 409/836/521 573/881/521 402/886/521
f 130/835/522 404/887/522 573/881/522 409/836/522
f 127/799/523 395/798/523 573/881/523 404/887/523
f 60/485/525 432/890/525 574/889/525 433/888/525
f 130/835/527 405/838/527 575/891/527 404/887/527
f 127/799/529 404/887/529 575/891/529 431/894/529
f 127/805/530 431/895/530 576/896/530 396/806/530
f 60/485/532 396/898/532 576/897/532 432/890/532
f 296/449/538 502/455/538 299/456/538 571/870/538 428/866/538 569/865/538 429/864/538 570/869/538 298/903/538 501/454/538 297/448/538 500/447/538
usemtl Pico
f 279/412/218 65/413/218 269/414/218 493/410/218
f 60/494/276 272/495/276 509/496/276 304/497/276
f 65/413/277 279/412/277 509/496/277 272/495/277
f 72/409/278 304/497/278 509/496/278 279/412/278
f 135/828/474 562/829/474 411/830/474
f 411/830/477 562/829/477 269/833/477 65/834/477
f 60/899/533 433/900/533 577/901/533 272/902/533
f 135/828/534 411/830/534 577/901/534 433/900/534
f 65/834/535 272/902/535 577/901/535 411/830/535
f 72/409/537 279/412/537 493/410/537
usemtl Cara_Buho
f 75/387/206 282/388/206 491/385/206 278/384/206
f 74/389/207 281/390/207 491/385/207 282/388/207
f 71/391/208 277/392/208 491/385/208 281/390/208
f 72/409/217 493/410/217 284/411/217
f 493/415/219 269/416/219 71/391/219 281/390/219
f 284/417/220 493/415/220 281/390/220 74/389/220
f 271/422/222 73/423/222 283/424/222 494/425/222
f 494/425/223 283/424/223 75/387/223 278/384/223
f 75/387/225 283/424/225 495/428/225 290/429/225
f 283/424/226 73/423/226 289/430/226 495/428/226
f 495/428/227 289/430/227 77/431/227 287/432/227
f 290/429/228 495/428/228 287/432/228 79/433/228
f 77/431/229 285/434/229 496/435/229 287/432/229
f 285/434/230 76/436/230 288/437/230 496/435/230
f 496/435/231 288/437/231 78/438/231 286/439/231
f 287/432/232 496/435/232 286/439/232 79/433/232
f 72/440/233 284/417/233 497/441/233 292/442/233
f 284/417/234 74/389/234 291/443/234 497/441/234
f 497/441/235 291/443/235 78/438/235 288/437/235
f 292/442/236 497/441/236 288/437/236 76/436/236
f 74/389/237 282/388/237 498/444/237 291/443/237
f 282/388/238 75/387/238 290/429/238 498/444/238
f 498/444/239 290/429/239 79/433/239 286/439/239
f 291/443/240 498/444/240 286/439/240 78/438/240
f 73/423/241 280/445/241 499/446/241 289/430/241
f 280/445/242 72/440/242 292/442/242 499/446/242
f 499/446/243 292/442/243 76/436/243 285/434/243
f 289/430/244 499/446/244 285/434/244 77/431/244
f 72/440/267 280/445/267 506/482/267 304/483/267
f 73/423/268 303/484/268 506/482/268 280/445/268
f 73/423/272 271/422/272 507/488/272 302/489/272
f 73/423/275 302/489/275 508/492/275 303/484/275
f 71/391/465 413/813/465 560/809/465 277/392/465
f 137/814/466 414/815/466 560/809/466 413/813/466
f 138/816/467 410/810/467 560/809/467 414/815/467
f 416/831/475 137/814/475 413/813/475 562/832/475
f 562/832/476 413/813/476 71/391/476 269/416/476
f 563/841/480 410/810/480 138/816/480 415/842/480
f 405/843/481 563/841/481 415/842/481 136/844/481
f 138/816/482 422/845/482 564/846/482 415/842/482
f 422/845/483 142/847/483 419/848/483 564/846/483
f 564/846/484 419/848/484 140/849/484 421/850/484
f 415/842/485 564/846/485 421/850/485 136/844/485
f 140/849/486 419/848/486 565/851/486 417/852/486
f 419/848/487 142/847/487 418/853/487 565/851/487
f 565/851/488 418/853/488 141/854/488 420/855/488
f 417/852/489 565/851/489 420/855/489 139/856/489
f 135/857/490 424/858/490 566/859/490 416/831/490
f 424/858/491 139/856/491 420/855/491 566/859/491
f 566/859/492 420/855/492 141/854/492 423/860/492
f 416/831/493 566/859/493 423/860/493 137/814/493
f 137/814/494 423/860/494 567/861/494 414/815/494
f 423/860/495 141/854/495 418/853/495 567/861/495
f 567/861/496 418/853/496 142/847/496 422/845/496
f 414/815/497 567/861/497 422/845/497 138/816/497
f 136/844/498 421/850/498 568/862/498 412/863/498
f 421/850/499 140/849/499 417/852/499 568/862/499
f 568/862/500 417/852/500 139/856/500 424/858/500
f 412/863/501 568/862/501 424/858/501 135/857/501
f 135/857/524 433/888/524 574/889/524 412/863/524
f 136/844/526 412/863/526 574/889/526 432/890/526
f 136/844/528 431/892/528 575/893/528 405/843/528
f 136/844/531 432/890/531 576/897/531 431/892/531
f 135/857/536 416/831/536 562/832/536
usemtl Traje_Buho
f 789/904/539 587/905/539 600/906/539 613/907/539
f 899/908/540 588/909/540 898/910/540 772/911/540
f 588/909/540 579/912/540 945/913/540 665/914/540 898/910/540
f 599/915/541 585/916/541 787/917/541 866/918/541
f 579/912/540 589/919/540 897/920/540 945/913/540
f 589/919/540 581/921/540 896/922/540 773/923/540 897/920/540
f 581/921/540 667/924/540 896/922/540
f 593/931/544 911/932/544 781/933/544 912/934/544 905/935/544
f 599/945/549 863/946/549 598/947/549 585/948/549
f 863/946/550 949/949/550 899/950/550 598/947/550
f 597/944/551 578/951/551 949/949/551 863/946/551
f 600/906/554 587/905/554 612/958/554
f 585/948/555 598/947/555 614/959/555 789/960/555
f 789/960/556 614/959/556 601/961/556 587/962/556
f 614/959/557 588/963/557 579/964/557 601/961/557
f 598/947/558 899/950/558 588/963/558 614/959/558
f 615/965/559 589/966/559 581/967/559 920/968/559 925/969/559
f 601/961/560 579/964/560 589/966/560 615/965/560
f 718/1013/580 638/1016/580 717/1017/580 830/1014/580
f 830/1014/581 717/1017/581 622/1018/581 689/1019/581
f 621/1041/596 715/1042/596 834/1039/596 690/1038/596
f 637/1043/597 719/1044/597 834/1039/597 715/1042/597
f 719/1045/601 637/1047/601 716/1048/601 835/1046/601
f 835/1046/602 716/1048/602 638/1049/602 718/1050/602
f 639/1051/604 735/1052/604 836/1053/604 721/1054/604
f 735/1052/605 643/1055/605 730/1056/605 836/1053/605
f 836/1053/606 730/1056/606 644/1057/606 734/1058/606
f 721/1054/607 836/1053/607 734/1058/607 640/1059/607
f 637/1047/608 724/1060/608 837/1061/608 716/1048/608
f 724/1062/609 639/1051/609 721/1054/609 837/1063/609
f 837/1063/610 721/1054/610 640/1059/610 723/1064/610
f 716/1048/611 837/1061/611 723/1065/611 638/1049/611
f 638/1016/612 723/1066/612 838/1067/612 717/1017/612
f 723/1066/613 640/1068/613 722/1069/613 838/1067/613
f 717/1017/615 838/1067/615 622/1018/615
f 621/1041/616 691/1072/616 839/1073/616 715/1042/616
f 691/1072/617 623/1074/617 720/1075/617 839/1073/617
f 839/1073/618 720/1075/618 639/1076/618 724/1077/618
f 715/1042/619 839/1073/619 724/1077/619 637/1043/619
f 640/1068/623 728/1088/623 841/1089/623 722/1069/623
f 728/1088/624 642/1082/624 841/1089/624
f 623/1074/627 694/1091/627 842/1092/627 720/1075/627
f 694/1091/628 625/1093/628 725/1094/628 842/1092/628
f 842/1092/629 725/1094/629 641/1095/629 729/1096/629
f 720/1075/630 842/1092/630 729/1096/630 639/1076/630
f 645/1097/631 743/1098/631 843/1099/631 733/1100/631
f 743/1098/632 649/1101/632 741/1102/632 843/1099/632
f 843/1099/633 741/1102/633 647/1103/633 742/1104/633
f 733/1100/634 843/1099/634 742/1104/634 643/1105/634
f 640/1068/635 734/1106/635 844/1107/635 728/1088/635
f 734/1106/636 644/1108/636 732/1109/636 844/1107/636
f 844/1107/637 732/1109/637 646/1110/637 736/1111/637
f 728/1088/638 844/1107/638 736/1111/638 642/1082/638
f 641/1095/639 737/1112/639 845/1113/639 729/1096/639
f 737/1112/640 645/1097/640 733/1100/640 845/1113/640
f 845/1113/641 733/1100/641 643/1105/641 735/1114/641
f 729/1096/642 845/1113/642 735/1114/642 639/1076/642
f 642/1115/643 736/1116/643 846/1117/643 726/1118/643
f 736/1116/644 646/1119/644 731/1120/644 846/1117/644
f 846/1121/645 731/1122/645 645/1123/645 737/1124/645
f 650/1125/646 751/1126/646 847/1127/646 739/1128/646
f 751/1126/647 654/1129/647 747/1130/647 847/1127/647
f 847/1127/648 747/1130/648 653/1131/648 750/1132/648
f 739/1128/649 847/1127/649 750/1132/649 649/1133/649
f 646/1119/650 744/1134/650 848/1135/650 731/1120/650
f 744/1134/651 650/1125/651 739/1128/651 848/1135/651
f 848/1135/652 739/1128/652 649/1133/652 743/1136/652
f 731/1120/653 848/1135/653 743/1136/653 645/1137/653
f 644/1108/654 745/1138/654 849/1139/654 732/1109/654
f 745/1138/655 648/1140/655 740/1141/655 849/1139/655
f 849/1139/656 740/1141/656 650/1142/656 744/1143/656
f 732/1109/657 849/1139/657 744/1143/657 646/1110/657
f 643/1055/658 742/1144/658 850/1145/658 730/1056/658
f 742/1144/659 647/1146/659 738/1147/659 850/1145/659
f 850/1145/660 738/1147/660 648/1148/660 745/1149/660
f 730/1056/661 850/1145/661 745/1149/661 644/1057/661
f 648/1140/662 752/1150/662 851/1151/662 740/1141/662
f 752/1152/663 652/1153/663 748/1154/663 851/1155/663
f 851/1156/664 748/1157/664 654/1129/664 751/1126/664
f 740/1141/665 851/1151/665 751/1158/665 650/1142/665
f 647/1146/666 753/1159/666 852/1160/666 738/1147/666
f 753/1161/667 651/1162/667 746/1163/667 852/1164/667
f 852/1164/668 746/1163/668 652/1153/668 752/1152/668
f 738/1147/669 852/1160/669 752/1165/669 648/1148/669
f 649/1101/670 750/1166/670 853/1167/670 741/1102/670
f 750/1166/671 653/1168/671 749/1169/671 853/1167/671
f 853/1170/672 749/1171/672 651/1162/672 753/1161/672
f 741/1102/673 853/1167/673 753/1172/673 647/1103/673
f 866/918/702 787/917/702 584/1223/702 788/1222/702
f 613/1224/703 602/1225/703 584/1223/703 787/917/703
f 602/1226/704 613/907/704 600/906/704 586/1227/704
f 585/916/705 789/1228/705 613/1224/705 787/917/705
f 793/1229/706 616/1230/706 603/1231/706 586/1232/706
f 909/1238/709 908/1239/709 906/1240/709 861/1241/709 782/1242/709
f 584/1263/724 928/1264/724 865/1221/724 788/1220/724
f 663/1265/725 901/1266/725 770/1262/725 865/1221/725 928/1264/725
f 598/947/726 899/950/726 772/1267/726 614/959/726
f 614/959/727 772/1267/727 954/1268/727 665/1269/727 601/961/727
f 900/1270/728 602/1271/728 586/1232/728 927/1272/728
f 771/1273/729 900/1270/729 927/1272/729 664/1274/729 952/1275/729
f 587/962/732 938/1284/732 936/1285/732 792/1286/732
f 601/961/733 665/1269/733 945/1287/733 773/1288/733 615/965/733
f 792/1286/734 936/1285/734 935/1289/734 791/1290/734 941/1291/734
f 927/1272/735 586/1232/735 603/1231/735 937/1292/735
f 950/1293/736 603/1231/736 673/1294/736 790/1295/736
f 774/1296/737 950/1293/737 790/1295/737 947/1297/737 666/1298/737 580/1299/737
f 587/962/738 792/1286/738 953/1300/738 605/1301/738
f 792/1286/739 941/1291/739 944/1302/739 953/1300/739
f 941/1303/740 942/1304/740 943/1305/740 944/1306/740
f 677/1307/741 607/1308/741 868/1309/741 802/1310/741
f 607/1308/742 676/1311/742 801/1312/742 868/1309/742
f 868/1309/743 801/1312/743 680/1313/743 798/1314/743
f 802/1310/744 868/1309/744 798/1314/744 681/1315/744
f 675/1316/745 795/1317/745 869/1318/745 803/1319/745
f 795/1317/746 677/1320/746 802/1321/746 869/1318/746
f 869/1322/747 802/1323/747 681/1324/747 799/1325/747
f 803/1326/748 869/1322/748 799/1325/748 679/1327/748
f 674/1328/749 606/1329/749 870/1330/749 804/1331/749
f 606/1329/750 675/1332/750 803/1333/750 870/1330/750
f 870/1334/751 803/1326/751 679/1327/751 797/1335/751
f 804/1336/752 870/1334/752 797/1335/752 678/1337/752
f 676/1338/753 796/1339/753 871/1340/753 801/1341/753
f 796/1339/754 674/1342/754 804/1343/754 871/1340/754
f 871/1344/755 804/1336/755 678/1337/755 800/1345/755
f 801/1346/756 871/1344/756 800/1345/756 680/1347/756
f 666/1298/757 947/1297/757 790/1295/757 872/1348/757 775/1349/757 591/1350/757
f 940/1351/758 934/1352/758 922/1353/758 923/1354/758 917/1355/758
f 805/1356/759 940/1351/759 917/1355/759 682/1357/759
f 880/1414/784 593/931/784 907/1415/784
f 652/1153/786 746/1163/786 881/1417/786 820/1418/786
f 746/1163/787 651/1162/787 819/1419/787 881/1417/787
f 881/1420/788 819/1421/788 678/1422/788 797/1423/788
f 820/1424/789 881/1420/789 797/1423/789 679/1425/789
f 653/1131/790 747/1130/790 882/1426/790 821/1427/790
f 747/1130/791 654/1129/791 822/1428/791 882/1426/791
f 882/1429/792 822/1430/792 681/1324/792 798/1431/792
f 821/1432/793 882/1429/793 798/1431/793 680/1347/793
f 654/1433/794 748/1434/794 883/1435/794 822/1436/794
f 748/1434/795 652/1437/795 820/1438/795 883/1435/795
f 883/1439/796 820/1424/796 679/1425/796 799/1440/796
f 822/1430/797 883/1441/797 799/1325/797 681/1324/797
f 651/1442/798 749/1169/798 884/1443/798 819/1444/798
f 749/1169/799 653/1168/799 821/1445/799 884/1443/799
f 884/1446/800 821/1432/800 680/1347/800 800/1345/800
f 819/1447/801 884/1446/801 800/1345/801 678/1337/801
f 935/1289/817 936/1285/817 615/965/817
f 584/1263/818 602/1271/818 900/1270/818 928/1264/818
f 726/1182/819 846/1121/819 737/1124/819 641/1179/819
f 936/1285/820 938/1284/820 587/962/820 601/961/820 615/965/820
f 612/958/821 586/1227/821 600/906/821
f 593/931/822 905/935/822 906/1240/822 908/1239/822 909/1238/822 907/1415/822
f 906/1240/823 905/935/823 912/934/823 781/933/823 861/1241/823
f 936/1285/829 615/965/829 925/969/829 935/1289/829
f 794/1487/830 603/1231/830 616/1230/830
f 923/1354/831 922/1353/831 934/1352/831 683/1488/831
f 911/932/836 593/931/836 910/1492/836
f 920/968/837 581/967/837 667/1493/837
f 937/1292/841 603/1231/841 950/1293/841
f 663/1265/862 928/1264/862 900/1270/862 771/1273/862 951/1545/862
f 664/1274/863 927/1272/863 937/1292/863 950/1293/863 774/1296/863 590/1546/863 946/1547/863
f 1136/1551/867 1002/1552/867 989/1553/867 980/1554/867
f 988/1555/868 1211/1556/868 1134/1557/868 978/1558/868
f 982/1565/871 1242/1566/871 1249/1567/871 1128/1568/871 1248/1569/871
f 988/1578/876 978/1580/876 987/1581/876 1208/1582/876
f 1208/1582/877 987/1581/877 899/950/877 949/949/877
f 986/1579/878 1208/1582/878 949/949/878 578/951/878
f 989/1553/881 1001/1589/881 980/1554/881
f 978/1580/882 1136/1590/882 1003/1591/882 987/1581/882
f 1136/1590/883 980/1592/883 990/1593/883 1003/1591/883
f 1003/1591/884 990/1593/884 579/964/884 588/963/884
f 987/1581/885 1003/1591/885 588/963/885 899/950/885
f 1004/1594/886 1262/1595/886 1257/1596/886 581/967/886 589/966/886
f 990/1593/887 1004/1594/887 589/966/887 579/964/887
f 1075/1637/907 1175/1636/907 1074/1638/907 1015/1639/907
f 1175/1636/908 689/1019/908 622/1018/908 1074/1638/908
f 621/1041/923 690/1038/923 1179/1655/923 1072/1656/923
f 1014/1657/924 1072/1656/924 1179/1655/924 1076/1658/924
f 1076/1660/928 1180/1659/928 1073/1661/928 1014/1662/928
f 1180/1659/929 1075/1663/929 1015/1664/929 1073/1661/929
f 1016/1665/931 1078/1666/931 1181/1667/931 1092/1668/931
f 1092/1669/932 1181/1670/932 1087/1671/932 1020/1672/932
f 1181/1670/933 1091/1673/933 1021/1674/933 1087/1671/933
f 1078/1666/934 1017/1675/934 1091/1676/934 1181/1667/934
f 1014/1662/935 1073/1661/935 1182/1677/935 1081/1678/935
f 1081/1678/936 1182/1677/936 1078/1666/936 1016/1665/936
f 1182/1677/937 1080/1679/937 1017/1675/937 1078/1666/937
f 1073/1661/938 1015/1664/938 1080/1679/938 1182/1677/938
f 1015/1639/939 1074/1638/939 1183/1680/939 1080/1681/939
f 1080/1681/940 1183/1680/940 1079/1682/940 1017/1683/940
f 1074/1638/942 622/1018/942 1183/1680/942
f 621/1041/943 1072/1656/943 1184/1684/943 691/1072/943
f 691/1072/944 1184/1684/944 1077/1685/944 623/1074/944
f 1184/1684/945 1081/1686/945 1016/1687/945 1077/1685/945
f 1072/1656/946 1014/1657/946 1081/1686/946 1184/1684/946
f 1017/1683/950 1079/1682/950 1186/1697/950 1085/1698/950
f 1085/1698/951 1186/1697/951 1019/1691/951
f 623/1074/954 1077/1685/954 1187/1699/954 694/1091/954
f 694/1091/955 1187/1699/955 1082/1700/955 625/1093/955
f 1187/1699/956 1086/1701/956 1018/1702/956 1082/1700/956
f 1077/1685/957 1016/1687/957 1086/1701/957 1187/1699/957
f 1022/1703/958 1090/1704/958 1188/1705/958 1100/1706/958
f 1100/1706/959 1188/1705/959 1098/1707/959 1026/1708/959
f 1188/1705/960 1099/1709/960 1024/1710/960 1098/1707/960
f 1090/1704/961 1020/1711/961 1099/1709/961 1188/1705/961
f 1017/1683/962 1085/1698/962 1189/1712/962 1091/1713/962
f 1091/1713/963 1189/1712/963 1089/1714/963 1021/1715/963
f 1189/1712/964 1093/1716/964 1023/1717/964 1089/1714/964
f 1085/1698/965 1019/1691/965 1093/1716/965 1189/1712/965
f 1018/1702/966 1086/1701/966 1190/1718/966 1094/1719/966
f 1094/1719/967 1190/1718/967 1090/1704/967 1022/1703/967
f 1190/1718/968 1092/1720/968 1020/1711/968 1090/1704/968
f 1086/1701/969 1016/1687/969 1092/1720/969 1190/1718/969
f 1019/1721/970 1083/1722/970 1191/1723/970 1093/1724/970
f 1093/1724/971 1191/1723/971 1088/1725/971 1023/1726/971
f 1191/1723/972 1094/1727/972 1022/1728/972 1088/1725/972
f 1027/1729/973 1096/1730/973 1192/1731/973 1108/1732/973
f 1108/1733/974 1192/1734/974 1104/1735/974 1031/1736/974
f 1192/1734/975 1107/1737/975 1030/1738/975 1104/1735/975
f 1096/1730/976 1026/1739/976 1107/1740/976 1192/1731/976
f 1023/1726/977 1088/1725/977 1193/1741/977 1101/1742/977
f 1101/1742/978 1193/1741/978 1096/1730/978 1027/1729/978
f 1193/1741/979 1100/1743/979 1026/1739/979 1096/1730/979
f 1088/1725/980 1022/1728/980 1100/1743/980 1193/1741/980
f 1021/1715/981 1089/1714/981 1194/1744/981 1102/1745/981
f 1102/1745/982 1194/1744/982 1097/1746/982 1025/1747/982
f 1194/1744/983 1101/1748/983 1027/1749/983 1097/1746/983
f 1089/1714/984 1023/1717/984 1101/1748/984 1194/1744/984
f 1020/1672/985 1087/1671/985 1195/1750/985 1099/1751/985
f 1099/1751/986 1195/1750/986 1095/1752/986 1024/1753/986
f 1195/1750/987 1102/1754/987 1025/1755/987 1095/1752/987
f 1087/1671/988 1021/1674/988 1102/1754/988 1195/1750/988
f 1025/1747/989 1097/1746/989 1196/1756/989 1109/1757/989
f 1109/1757/990 1196/1756/990 1105/1758/990 1029/1759/990
f 1196/1760/991 1108/1733/991 1031/1736/991 1105/1761/991
f 1097/1746/992 1027/1749/992 1108/1762/992 1196/1756/992
f 1024/1753/993 1095/1752/993 1197/1763/993 1110/1764/993
f 1110/1764/994 1197/1763/994 1103/1765/994 1028/1766/994
f 1197/1763/995 1109/1767/995 1029/1768/995 1103/1765/995
f 1095/1752/996 1025/1755/996 1109/1767/996 1197/1763/996
f 1026/1708/997 1098/1707/997 1198/1769/997 1107/1770/997
f 1107/1737/998 1198/1771/998 1106/1772/998 1030/1738/998
f 1198/1773/999 1110/1764/999 1028/1766/999 1106/1774/999
f 1098/1707/1000 1024/1710/1000 1110/1775/1000 1198/1769/1000
f 1211/1556/1029 1135/1814/1029 977/1815/1029 1134/1557/1029
f 1002/1552/1030 1134/1557/1030 977/1815/1030 991/1816/1030
f 991/1816/1031 979/1817/1031 989/1553/1031 1002/1552/1031
f 978/1558/1032 1134/1557/1032 1002/1552/1032 1136/1551/1032
f 1140/1818/1033 979/1819/1033 992/1820/1033 1005/1821/1033
f 1246/1827/1036 1129/1828/1036 1206/1829/1036 1243/1830/1036 1245/1831/1036
f 977/1849/1051 1135/1812/1051 1210/1813/1051 1265/1850/1051
f 663/1265/1052 1265/1850/1052 1210/1813/1052 770/1262/1052 901/1266/1052
f 987/1581/1053 1003/1591/1053 772/1267/1053 899/950/1053
f 1003/1591/1054 990/1593/1054 665/1269/1054 954/1268/1054 772/1267/1054
f 1239/1851/1055 1264/1852/1055 979/1819/1055 991/1853/1055
f 771/1273/1056 952/1275/1056 664/1274/1056 1264/1852/1056 1239/1851/1056
f 980/1592/1059 1139/1863/1059 1273/1864/1059 1275/1865/1059
f 990/1593/1060 1004/1594/1060 773/1288/1060 945/1287/1060 665/1269/1060
f 1139/1863/1061 1278/1866/1061 1138/1867/1061 1272/1868/1061 1273/1864/1061
f 1264/1852/1062 1274/1869/1062 992/1820/1062 979/1819/1062
f 1283/1870/1063 1137/1871/1063 1042/1872/1063 992/1820/1063
f 774/1296/1064 580/1299/1064 666/1298/1064 1282/1873/1064 1137/1871/1064 1283/1870/1064
f 980/1592/1065 994/1874/1065 1284/1875/1065 1139/1863/1065
f 1139/1863/1066 1284/1875/1066 1281/1876/1066 1278/1866/1066
f 1278/1877/1067 1281/1878/1067 1280/1879/1067 1279/1880/1067
f 1046/1881/1068 1149/1882/1068 1213/1883/1068 996/1884/1068
f 996/1884/1069 1213/1883/1069 1148/1885/1069 1045/1886/1069
f 1213/1887/1070 1145/1888/1070 1049/1889/1070 1148/1890/1070
f 1149/1891/1071 1050/1892/1071 1145/1888/1071 1213/1887/1071
f 1044/1893/1072 1150/1894/1072 1214/1895/1072 1142/1896/1072
f 1142/1896/1073 1214/1895/1073 1149/1897/1073 1046/1898/1073
f 1214/1899/1074 1146/1900/1074 1050/1892/1074 1149/1891/1074
f 1150/1901/1075 1048/1902/1075 1146/1900/1075 1214/1899/1075
f 1043/1903/1076 1151/1904/1076 1215/1905/1076 995/1906/1076
f 995/1906/1077 1215/1905/1077 1150/1907/1077 1044/1908/1077
f 1215/1905/1078 1144/1909/1078 1048/1910/1078 1150/1907/1078
f 1151/1904/1079 1047/1911/1079 1144/1909/1079 1215/1905/1079
f 1045/1912/1080 1148/1913/1080 1216/1914/1080 1143/1915/1080
f 1143/1915/1081 1216/1914/1081 1151/1916/1081 1043/1917/1081
f 1216/1918/1082 1147/1919/1082 1047/1920/1082 1151/1921/1082
f 1148/1890/1083 1049/1889/1083 1147/1919/1083 1216/1918/1083
f 666/1298/1084 591/1350/1084 775/1349/1084 1217/1922/1084 1137/1871/1084 1282/1873/1084
f 1277/1923/1085 1254/1924/1085 1260/1925/1085 1259/1926/1085 1271/1862/1085
f 1152/1927/1086 1051/1928/1086 1254/1924/1086 1277/1923/1086
f 1225/1976/1111 1244/1977/1111 982/1978/1111
f 1029/1768/1113 1165/1980/1113 1226/1981/1113 1103/1765/1113
f 1103/1765/1114 1226/1981/1114 1164/1982/1114 1028/1766/1114
f 1226/1983/1115 1144/1984/1115 1047/1920/1115 1164/1985/1115
f 1165/1986/1116 1048/1902/1116 1144/1984/1116 1226/1983/1116
f 1030/1738/1117 1166/1987/1117 1227/1988/1117 1104/1735/1117
f 1104/1735/1118 1227/1988/1118 1167/1989/1118 1031/1736/1118
f 1227/1990/1119 1145/1991/1119 1050/1992/1119 1167/1993/1119
f 1166/1994/1120 1049/1995/1120 1145/1991/1120 1227/1990/1120
f 1031/1996/1121 1167/1997/1121 1228/1998/1121 1105/1758/1121
f 1105/1758/1122 1228/1998/1122 1165/1999/1122 1029/1759/1122
f 1228/2000/1123 1146/1900/1123 1048/1902/1123 1165/1986/1123
f 1167/2001/1124 1050/1892/1124 1146/1900/1124 1228/2000/1124
f 1028/2002/1125 1164/2003/1125 1229/2004/1125 1106/2005/1125
f 1106/2005/1126 1229/2004/1126 1166/2006/1126 1030/2007/1126
f 1229/2008/1127 1147/1919/1127 1049/1889/1127 1166/2009/1127
f 1164/1985/1128 1047/1920/1128 1147/1919/1128 1229/2008/1128
f 1272/1868/1144 1004/1594/1144 1273/1864/1144
f 977/1849/1145 1265/1850/1145 1239/1851/1145 991/1853/1145
f 1083/1722/1146 1018/1780/1146 1094/1727/1146 1191/1723/1146
f 1273/1864/1147 1004/1594/1147 990/1593/1147 980/1592/1147 1275/1865/1147
f 1001/1589/1148 989/1553/1148 979/1817/1148
f 982/1978/1149 1244/1977/1149 1246/1827/1149 1245/1831/1149 1243/1830/1149 1242/2041/1149
f 1243/2042/1150 1206/1832/1150 1128/1568/1150 1249/1567/1150 1242/1566/1150
f 1273/1864/1156 1272/1868/1156 1262/1595/1156 1004/1594/1156
f 1141/2046/1157 1005/1821/1157 992/1820/1157
f 1260/1925/1158 1052/1857/1158 1271/1862/1158 1259/1926/1158
f 1248/2053/1163 1247/2054/1163 982/2055/1163
f 1257/1596/1164 667/1493/1164 581/967/1164
f 1274/1869/1168 1283/1870/1168 992/1820/1168
f 663/1265/1189 951/1545/1189 771/1273/1189 1239/1851/1189 1265/1850/1189
f 664/1274/1190 946/1547/1190 590/1546/1190 774/1296/1190 1283/1870/1190 1274/1869/1190 1264/1852/1190
usemtl camisa.002
f 838/1067/614 722/1069/614 624/1070/614 692/1071/614
f 626/1078/620 727/1079/620 840/1080/620 767/1081/620
f 642/1082/621 756/1083/621 840/1080/621 727/1079/621
f 656/1084/622 767/1085/622 840/1086/622 756/1087/622
f 841/1089/625 727/1079/625 626/1078/625 693/1090/625
f 722/1069/626 841/1089/626 693/1090/626 624/1070/626
f 625/1093/674 695/1173/674 854/1174/674 725/1094/674
f 695/1173/675 627/1175/675 754/1176/675 854/1174/675
f 854/1174/676 754/1176/676 655/1177/676 757/1178/676
f 725/1094/677 854/1174/677 757/1178/677 641/1095/677
f 641/1179/678 757/1180/678 855/1181/678 726/1182/678
f 757/1183/679 655/1184/679 755/1185/679 855/1186/679
f 855/1186/680 755/1185/680 656/1084/680 756/1087/680
f 726/1118/681 855/1186/681 756/1087/681 642/1115/681
f 622/1018/860 838/1067/860 692/1071/860
f 841/1089/861 642/1082/861 727/1079/861
f 1183/1680/941 692/1071/941 624/1070/941 1079/1682/941
f 626/1078/947 1124/1688/947 1185/1689/947 1084/1690/947
f 1019/1691/948 1084/1690/948 1185/1689/948 1113/1692/948
f 1033/1693/949 1113/1694/949 1185/1695/949 1124/1696/949
f 1186/1697/952 693/1090/952 626/1078/952 1084/1690/952
f 1079/1682/953 624/1070/953 693/1090/953 1186/1697/953
f 625/1093/1001 1082/1700/1001 1199/1776/1001 695/1173/1001
f 695/1173/1002 1199/1776/1002 1111/1777/1002 627/1175/1002
f 1199/1776/1003 1114/1778/1003 1032/1779/1003 1111/1777/1003
f 1082/1700/1004 1018/1702/1004 1114/1778/1004 1199/1776/1004
f 1018/1780/1005 1083/1722/1005 1200/1781/1005 1114/1782/1005
f 1114/1782/1006 1200/1781/1006 1112/1783/1006 1032/1784/1006
f 1200/1781/1007 1113/1694/1007 1033/1693/1007 1112/1783/1007
f 1083/1722/1008 1019/1721/1008 1113/1694/1008 1200/1781/1008
f 622/1018/1187 692/1071/1187 1183/1680/1187
f 1186/1697/1188 1084/1690/1188 1019/1691/1188
usemtl corbata.001
f 627/1175/682 696/1187/682 856/1188/682 754/1176/682
f 696/1187/683 628/1189/683 758/1190/683 856/1188/683
f 856/1191/684 758/1192/684 657/1193/684 761/1194/684
f 754/1195/685 856/1191/685 761/1194/685 655/1196/685
f 655/1196/686 761/1194/686 857/1197/686 755/1198/686
f 761/1194/687 657/1193/687 759/1199/687 857/1197/687
f 857/1197/688 759/1199/688 658/1200/688 760/1201/688
f 755/1198/689 857/1197/689 760/1201/689 656/1202/689
f 667/1276/730 814/1277/730 867/1278/730 791/1279/730
f 683/1280/731 934/1281/731 867/1278/731 814/1277/731 921/1282/731 924/1283/731
f 668/1358/760 895/1359/760 873/1360/760 892/1361/760
f 895/1362/761 682/1363/761 894/1364/761
f 873/1365/762 808/1366/762 890/1367/762 891/1368/762
f 892/1361/763 873/1360/763 891/1369/763 893/1370/763
f 682/1371/764 917/1372/764 874/1373/764 808/1374/764
f 917/1372/765 923/1375/765 916/1376/765
f 808/1374/766 874/1373/766 889/1377/766 806/1378/766 890/1379/766
f 657/1448/802 758/1449/802 885/1450/802 824/1451/802
f 758/1449/803 628/1452/803 816/1453/803 885/1450/803
f 824/1451/804 885/1450/804 891/1368/804 890/1367/804
f 658/1454/805 759/1455/805 886/1456/805 825/1457/805
f 759/1199/806 657/1193/806 824/1458/806 886/1459/806
f 886/1456/807 824/1451/807 890/1367/807 806/1460/807
f 825/1457/808 886/1456/808 806/1460/808 918/1461/808 684/1462/808
f 656/1202/809 760/1201/809 887/1463/809 823/1464/809
f 760/1201/810 658/1200/810 825/1465/810 887/1463/810
f 887/1466/811 825/1457/811 684/1462/811 807/1467/811
f 823/1468/812 887/1469/812 807/1470/812 683/1471/812
f 888/1472/813 815/1473/813 957/1474/813 958/1475/813
f 767/1085/814 656/1084/814 823/1476/814 888/1477/814
f 888/1478/815 823/1468/815 683/1471/815 924/1479/815 921/1480/815 814/1481/815
f 815/1473/816 888/1472/816 814/1277/816 667/1276/816
f 895/1482/825 894/1483/825 682/1371/825 808/1374/825 873/1484/825
f 919/1485/826 917/1372/826 916/1376/826 923/1375/826 683/1471/826 807/1470/826
f 874/1373/839 919/1485/839 807/1470/839 684/1494/839 918/1495/839 915/1496/839 806/1378/839
f 806/1378/840 915/1496/840 918/1495/840
f 806/1378/843 889/1377/843 874/1373/843
f 885/1450/844 816/1453/844 893/1497/844 891/1368/844
f 955/1498/845 956/1499/845 958/1500/845 957/1501/845
f 767/1502/846 888/1472/846 958/1475/846 956/1503/846
f 959/1504/847 960/1505/847 964/1506/847 963/1507/847
f 962/1508/848 961/1509/848 965/1510/848 966/1511/848
f 956/1499/849 955/1498/849 961/1512/849 962/1513/849
f 626/1514/850 767/1515/850 960/1516/850 959/1517/850
f 767/1518/42 956/1519/42 962/1520/42 960/1521/42
f 960/1521/42 962/1520/42 966/1522/42 964/1523/42
f 967/1524/851 968/1525/851 972/1526/851 971/1527/851
f 966/1511/852 965/1510/852 969/1528/852 970/1529/852
f 963/1507/853 964/1506/853 968/1525/853 967/1524/853
f 964/1523/854 966/1522/854 970/1530/854 968/1531/854
f 971/1532/855 972/1533/855 974/1534/855 973/1535/855
f 968/1531/856 970/1530/856 974/1536/856 972/1537/856
f 970/1529/857 969/1528/857 973/1535/857 974/1534/857
f 823/1538/858 956/1539/858 958/1540/858
f 823/1541/859 656/1542/859 767/1543/859 956/1544/859
f 874/1373/864 917/1372/864 919/1485/864
f 627/1175/1009 1111/1777/1009 1201/1785/1009 696/1187/1009
f 696/1187/1010 1201/1785/1010 1115/1786/1010 628/1189/1010
f 1201/1785/1011 1118/1787/1011 1034/1788/1011 1115/1786/1011
f 1111/1777/1012 1032/1779/1012 1118/1787/1012 1201/1785/1012
f 1032/1784/1013 1112/1783/1013 1202/1789/1013 1118/1790/1013
f 1118/1791/1014 1202/1792/1014 1116/1793/1014 1034/1794/1014
f 1202/1792/1015 1117/1795/1015 1035/1796/1015 1116/1793/1015
f 1112/1783/1016 1033/1693/1016 1117/1797/1016 1202/1789/1016
f 667/1276/1057 1138/1854/1057 1212/1855/1057 1161/1856/1057
f 1052/1857/1058 1261/1858/1058 1258/1859/1058 1161/1860/1058 1212/1861/1058 1271/1862/1058
f 668/1358/1087 892/1361/1087 1218/1929/1087 1238/1930/1087
f 1238/1930/1088 1237/1931/1088 1051/1932/1088
f 1218/1929/1089 1236/1933/1089 1235/1934/1089 1155/1935/1089
f 892/1361/1090 893/1370/1090 1236/1933/1090 1218/1929/1090
f 1051/1928/1091 1155/1936/1091 1219/1937/1091 1254/1924/1091
f 1254/1938/1092 1253/1939/1092 1260/1940/1092
f 1155/1941/1093 1235/1942/1093 1153/1943/1093 1234/1944/1093 1219/1945/1093
f 1034/2010/1129 1169/2011/1129 1230/2012/1129 1115/2013/1129
f 1115/2013/1130 1230/2012/1130 816/1453/1130 628/1452/1130
f 1169/2011/1131 1235/2014/1131 1236/2015/1131 1230/2012/1131
f 1035/2016/1132 1170/2017/1132 1231/2018/1132 1116/2019/1132
f 1116/2019/1133 1231/2018/1133 1169/2011/1133 1034/2010/1133
f 1231/2020/1134 1153/1943/1134 1235/1942/1134 1169/2021/1134
f 1170/2022/1135 1053/2023/1135 1255/2024/1135 1153/1943/1135 1231/2020/1135
f 1033/1693/1136 1168/2025/1136 1232/2026/1136 1117/1797/1136
f 1117/1797/1137 1232/2026/1137 1170/2017/1137 1035/2016/1137
f 1232/2027/1138 1154/2028/1138 1053/2023/1138 1170/2022/1138
f 1168/2029/1139 1052/2030/1139 1154/2028/1139 1232/2027/1139
f 1233/2031/1140 1286/2032/1140 957/1474/1140 815/1473/1140
f 1124/2033/1141 1233/2034/1141 1168/2035/1141 1033/2036/1141
f 1233/2037/1142 1161/2038/1142 1258/2039/1142 1261/2040/1142 1052/2030/1142 1168/2029/1142
f 815/1473/1143 667/1276/1143 1161/1856/1143 1233/2031/1143
f 1238/1930/1152 1218/1929/1152 1155/1935/1152 1051/1932/1152 1237/1931/1152
f 1256/2043/1153 1154/2044/1153 1052/1857/1153 1260/1925/1153 1253/2045/1153 1254/1924/1153
f 1219/1945/1166 1153/1943/1166 1252/2056/1166 1255/2024/1166 1053/2023/1166 1154/2028/1166 1256/2057/1166
f 1153/1943/1167 1255/2024/1167 1252/2056/1167
f 1153/1943/1170 1219/1945/1170 1234/1944/1170
f 1230/2012/1171 1236/2015/1171 893/1497/1171 816/1453/1171
f 955/1498/1172 957/1501/1172 1286/2058/1172 1285/2059/1172
f 1124/2060/1173 1285/2061/1173 1286/2032/1173 1233/2031/1173
f 959/1504/1174 963/1507/1174 1289/2062/1174 1287/2063/1174
f 1288/2064/1175 1290/2065/1175 965/1510/1175 961/1509/1175
f 1285/2066/1176 1288/2067/1176 961/2068/1176 955/2069/1176
f 626/2070/1177 959/2071/1177 1287/2072/1177 1124/2073/1177
f 1124/2073/540 1287/2072/540 1288/2074/540 1285/2075/540
f 1287/2072/540 1289/2076/540 1290/2077/540 1288/2074/540
f 967/1524/1178 971/1527/1178 1293/2078/1178 1291/2079/1178
f 1290/2065/1179 1292/2080/1179 969/1528/1179 965/1510/1179
f 963/1507/1180 967/1524/1180 1291/2079/1180 1289/2062/1180
f 1289/2076/1181 1291/2081/1181 1292/2082/1181 1290/2077/1181
f 971/2083/1182 973/2084/1182 1294/2085/1182 1293/2086/1182
f 1291/2081/1183 1293/2086/1183 1294/2085/1183 1292/2082/1183
f 1292/2080/1184 1294/2087/1184 973/1535/1184 969/1528/1184
f 1168/2088/1185 1286/2089/1185 1285/2090/1185
f 1168/2091/1186 1285/2092/1186 1124/2093/1186 1033/2094/1186
f 1219/1937/1191 1256/2043/1191 1254/1924/1191
usemtl Pantalon_Buho
f 670/925/542 779/926/542 608/927/542 595/928/542
f 582/929/543 595/928/543 608/927/543 931/930/543
f 582/936/545 592/937/545 609/938/545 595/939/545
f 595/939/546 609/938/546 594/940/546 670/941/546
f 592/937/547 939/942/547 609/938/547
f 583/943/548 597/944/548 599/945/548
f 785/952/552 583/953/552 596/954/552 610/955/552
f 779/926/553 670/925/553 786/956/553 611/957/553
f 594/940/561 671/970/561 785/952/561 610/955/561
f 629/971/562 707/972/562 826/973/562 699/974/562
f 617/975/563 762/976/563 826/973/563 707/972/563
f 659/977/564 703/978/564 826/973/564 762/976/564
f 633/979/565 706/980/565 826/973/565 703/978/565
f 630/981/566 699/974/566 826/973/566 706/980/566
f 632/982/567 708/983/567 827/984/567 702/985/567
f 708/983/568 618/986/568 687/987/568 827/984/568
f 827/984/569 687/987/569 617/988/569 707/989/569
f 702/985/570 827/984/570 707/989/570 629/990/570
f 630/991/571 706/992/571 828/993/571 700/994/571
f 706/992/572 633/995/572 704/996/572 828/993/572
f 828/997/573 704/998/573 634/999/573 709/1000/573
f 700/1001/574 828/997/574 709/1000/574 631/1002/574
f 631/1003/575 709/1004/575 829/1005/575 701/1006/575
f 709/1004/576 634/1007/576 705/1008/576 829/1005/576
f 829/1005/577 705/1008/577 618/1009/577 708/1010/577
f 701/1006/578 829/1005/578 708/1010/578 632/1011/578
f 636/1012/579 718/1013/579 830/1014/579 712/1015/579
f 712/1015/582 830/1014/582 689/1019/582 620/1020/582
f 633/1021/583 714/1022/583 831/1023/583 704/998/583
f 714/1022/584 635/1024/584 711/1025/584 831/1023/584
f 831/1023/585 711/1025/585 636/1026/585 713/1027/585
f 704/998/586 831/1023/586 713/1027/586 634/999/586
f 634/1007/587 713/1028/587 832/1029/587 705/1008/587
f 713/1028/588 636/1012/588 712/1015/588 832/1029/588
f 832/1029/589 712/1015/589 620/1020/589 688/1030/589
f 705/1008/590 832/1029/590 688/1030/590 618/1009/590
f 659/977/591 764/1031/591 833/1032/591 703/978/591
f 764/1031/592 660/1033/592 710/1034/592 833/1032/592
f 833/1032/593 710/1034/593 635/1035/593 714/1036/593
f 703/978/594 833/1032/594 714/1036/594 633/979/594
f 619/1037/595 690/1038/595 834/1039/595 763/1040/595
f 635/1035/598 710/1034/598 834/1039/598 719/1044/598
f 660/1033/599 763/1040/599 834/1039/599 710/1034/599
f 635/1024/600 719/1045/600 835/1046/600 711/1025/600
f 711/1025/603 835/1046/603 718/1050/603 636/1026/603
f 659/977/690 766/1203/690 858/1204/690 764/1031/690
f 764/1031/691 858/1204/691 765/1205/691 660/1033/691
f 617/1206/692 697/1207/692 859/1208/692 762/1209/692
f 762/976/693 859/1210/693 766/1203/693 659/977/693
f 660/1033/694 765/1205/694 860/1211/694 763/1040/694
f 763/1040/695 860/1211/695 698/1212/695 619/1037/695
f 611/957/696 811/1213/696 685/1214/696 779/926/696
f 596/954/697 672/1215/697 786/1216/697 610/955/697
f 784/1217/698 686/1218/698 811/1213/698 611/957/698
f 672/1219/699 784/1217/699 611/957/699 786/956/699
f 788/1220/700 865/1221/700 784/1217/700 672/1219/700
f 672/1215/701 596/954/701 866/918/701 788/1222/701
f 685/1214/707 809/1233/707 929/1234/707 779/926/707
f 661/1235/708 781/1236/708 930/1237/708 929/1234/708 809/1233/708
f 861/1241/710 781/933/710 661/1243/710 768/1244/710
f 782/1242/711 861/1241/711 768/1244/711 662/1245/711
f 939/942/712 669/1246/712 783/1247/712 609/938/712
f 609/938/713 783/1247/713 671/970/713 594/940/713
f 669/1248/714 778/1249/714 862/1250/714 783/1251/714
f 778/1249/715 909/1252/715 782/1253/715 862/1250/715
f 862/1250/716 782/1253/716 662/1254/716 780/1255/716
f 783/1251/717 862/1250/717 780/1255/717 671/1256/717
f 671/1256/718 780/1255/718 864/1257/718 785/1258/718
f 780/1255/719 662/1254/719 769/1259/719 864/1257/719
f 864/1257/720 769/1259/720 578/951/720 597/944/720
f 785/1258/721 864/1257/721 597/944/721 583/943/721
f 904/1260/722 810/1261/722 865/1221/722 770/1262/722
f 686/1218/723 784/1217/723 865/1221/723 810/1261/723
f 685/1214/767 811/1213/767 875/1380/767 813/1381/767
f 811/1213/768 686/1218/768 812/1382/768 875/1380/768
f 661/1383/769 809/1384/769 876/1385/769 776/1386/769
f 809/1384/770 685/1387/770 914/1388/770 913/1389/770 876/1385/770
f 686/1218/771 810/1261/771 877/1390/771 812/1382/771
f 810/1261/772 904/1260/772 777/1391/772 877/1390/772
f 629/971/773 699/974/773 931/1392/773 911/1393/773 910/1394/773
f 699/974/774 630/981/774 933/1395/774 582/1396/774 931/1392/774
f 630/991/775 700/994/775 878/1397/775 932/1398/775 933/1399/775
f 700/994/776 631/1400/776 817/1401/776 878/1397/776
f 878/1402/777 817/1403/777 669/1246/777 939/942/777
f 631/1003/778 701/1006/778 879/1404/778 817/1405/778
f 701/1006/779 632/1011/779 818/1406/779 879/1404/779
f 879/1407/780 818/1408/780 909/1252/780 778/1249/780
f 817/1409/781 879/1407/781 778/1249/781 669/1248/781
f 632/982/782 702/985/782 880/1410/782 818/1411/782
f 702/985/783 629/990/783 910/1412/783 593/1413/783 880/1410/783
f 818/1416/785 880/1414/785 907/1415/785 909/1238/785
f 599/945/824 597/944/824 863/946/824
f 876/1385/827 913/1389/827 914/1388/827 685/1387/827 813/1486/827
f 670/941/828 594/940/828 610/955/828 786/1216/828
f 930/1237/832 608/927/832 929/1234/832
f 932/1489/833 592/937/833 582/936/833 933/1490/833
f 939/942/834 592/937/834 932/1489/834 878/1402/834
f 931/930/835 608/927/835 930/1237/835 781/1236/835 911/1491/835
f 583/953/838 599/915/838 866/918/838
f 929/1234/842 608/927/842 779/926/842
f 858/1204/865 766/1203/865 859/1210/865 697/1548/865 698/1212/865 860/1211/865 765/1205/865
f 875/1380/866 812/1382/866 877/1390/866 777/1391/866 776/1549/866 876/1550/866 813/1381/866
f 1039/1559/869 984/1560/869 997/1561/869 1126/1562/869
f 975/1563/870 1268/1564/870 997/1561/870 984/1560/870
f 975/1570/872 984/1571/872 998/1572/872 981/1573/872
f 984/1571/873 1039/1574/873 983/1575/873 998/1572/873
f 981/1573/874 998/1572/874 1276/1576/874
f 976/1577/875 988/1578/875 986/1579/875
f 1132/1583/879 999/1584/879 985/1585/879 976/1586/879
f 1126/1562/880 1000/1587/880 1133/1588/880 1039/1559/880
f 983/1575/888 999/1584/888 1132/1583/888 1040/1597/888
f 1006/1598/889 1056/1599/889 1171/1600/889 1064/1601/889
f 617/975/890 1064/1601/890 1171/1600/890 1119/1602/890
f 1036/1603/891 1119/1602/891 1171/1600/891 1060/1604/891
f 1010/1605/892 1060/1604/892 1171/1600/892 1063/1606/892
f 1007/1607/893 1063/1606/893 1171/1600/893 1056/1599/893
f 1009/1608/894 1059/1609/894 1172/1610/894 1065/1611/894
f 1065/1611/895 1172/1610/895 687/1612/895 618/1613/895
f 1172/1610/896 1064/1614/896 617/1615/896 687/1612/896
f 1059/1609/897 1006/1616/897 1064/1614/897 1172/1610/897
f 1007/1617/898 1057/1618/898 1173/1619/898 1063/1620/898
f 1063/1620/899 1173/1619/899 1061/1621/899 1010/1622/899
f 1173/1619/900 1066/1623/900 1011/1624/900 1061/1621/900
f 1057/1618/901 1008/1625/901 1066/1623/901 1173/1619/901
f 1008/1626/902 1058/1627/902 1174/1628/902 1066/1629/902
f 1066/1629/903 1174/1628/903 1062/1630/903 1011/1631/903
f 1174/1628/904 1065/1632/904 618/1009/904 1062/1630/904
f 1058/1627/905 1009/1633/905 1065/1632/905 1174/1628/905
f 1013/1634/906 1069/1635/906 1175/1636/906 1075/1637/906
f 1069/1635/909 620/1020/909 689/1019/909 1175/1636/909
f 1010/1622/910 1061/1621/910 1176/1640/910 1071/1641/910
f 1071/1641/911 1176/1640/911 1068/1642/911 1012/1643/911
f 1176/1640/912 1070/1644/912 1013/1645/912 1068/1642/912
f 1061/1621/913 1011/1624/913 1070/1644/913 1176/1640/913
f 1011/1631/914 1062/1630/914 1177/1646/914 1070/1647/914
f 1070/1647/915 1177/1646/915 1069/1635/915 1013/1634/915
f 1177/1646/916 688/1030/916 620/1020/916 1069/1635/916
f 1062/1630/917 618/1009/917 688/1030/917 1177/1646/917
f 1036/1603/918 1060/1604/918 1178/1648/918 1121/1649/918
f 1121/1649/919 1178/1648/919 1067/1650/919 1037/1651/919
f 1178/1648/920 1071/1652/920 1012/1653/920 1067/1650/920
f 1060/1604/921 1010/1605/921 1071/1652/921 1178/1648/921
f 619/1037/922 1120/1654/922 1179/1655/922 690/1038/922
f 1012/1653/925 1076/1658/925 1179/1655/925 1067/1650/925
f 1037/1651/926 1067/1650/926 1179/1655/926 1120/1654/926
f 1012/1643/927 1068/1642/927 1180/1659/927 1076/1660/927
f 1068/1642/930 1013/1645/930 1075/1663/930 1180/1659/930
f 1036/1603/1017 1121/1649/1017 1203/1798/1017 1123/1799/1017
f 1121/1649/1018 1037/1651/1018 1122/1800/1018 1203/1798/1018
f 617/1206/1019 1119/1801/1019 1204/1802/1019 697/1207/1019
f 1119/1602/1020 1036/1603/1020 1123/1799/1020 1204/1803/1020
f 1037/1651/1021 1120/1654/1021 1205/1804/1021 1122/1800/1021
f 1120/1654/1022 619/1037/1022 698/1212/1022 1205/1804/1022
f 1000/1587/1023 1126/1562/1023 1054/1805/1023 1158/1806/1023
f 985/1585/1024 999/1584/1024 1133/1807/1024 1041/1808/1024
f 1131/1809/1025 1000/1587/1025 1158/1806/1025 1055/1810/1025
f 1041/1811/1026 1133/1588/1026 1000/1587/1026 1131/1809/1026
f 1135/1812/1027 1041/1811/1027 1131/1809/1027 1210/1813/1027
f 1041/1808/1028 1135/1814/1028 1211/1556/1028 985/1585/1028
f 1054/1805/1034 1126/1562/1034 1266/1822/1034 1156/1823/1034
f 661/1383/1035 1156/1824/1035 1266/1825/1035 1267/1826/1035 1128/1568/1035
f 1206/1832/1037 768/1833/1037 661/1383/1037 1128/1568/1037
f 1129/1834/1038 662/1835/1038 768/1833/1038 1206/1832/1038
f 1276/1576/1039 998/1572/1039 1130/1836/1039 1038/1837/1039
f 998/1572/1040 983/1575/1040 1040/1597/1040 1130/1836/1040
f 1038/1838/1041 1130/1839/1041 1207/1840/1041 1125/1841/1041
f 1125/1841/1042 1207/1840/1042 1129/1842/1042 1246/1843/1042
f 1207/1840/1043 1127/1844/1043 662/1254/1043 1129/1842/1043
f 1130/1839/1044 1040/1845/1044 1127/1844/1044 1207/1840/1044
f 1040/1845/1045 1132/1846/1045 1209/1847/1045 1127/1844/1045
f 1127/1844/1046 1209/1847/1046 769/1259/1046 662/1254/1046
f 1209/1847/1047 986/1579/1047 578/951/1047 769/1259/1047
f 1132/1846/1048 976/1577/1048 986/1579/1048 1209/1847/1048
f 904/1260/1049 770/1262/1049 1210/1813/1049 1157/1848/1049
f 1055/1810/1050 1157/1848/1050 1210/1813/1050 1131/1809/1050
f 1054/1805/1094 1160/1946/1094 1220/1947/1094 1158/1806/1094
f 1158/1806/1095 1220/1947/1095 1159/1948/1095 1055/1810/1095
f 661/1383/1096 776/1386/1096 1221/1949/1096 1156/1824/1096
f 1156/1823/1097 1221/1950/1097 1250/1951/1097 1251/1952/1097 1054/1805/1097
f 1055/1810/1098 1159/1948/1098 1222/1953/1098 1157/1848/1098
f 1157/1848/1099 1222/1953/1099 777/1391/1099 904/1260/1099
f 1006/1616/1100 1247/1954/1100 1248/1955/1100 1268/1956/1100 1056/1957/1100
f 1056/1599/1101 1268/1958/1101 975/1959/1101 1270/1960/1101 1007/1607/1101
f 1007/1617/1102 1270/1961/1102 1269/1962/1102 1223/1963/1102 1057/1618/1102
f 1057/1618/1103 1223/1963/1103 1162/1964/1103 1008/1625/1103
f 1223/1965/1104 1276/1576/1104 1038/1837/1104 1162/1966/1104
f 1008/1626/1105 1162/1967/1105 1224/1968/1105 1058/1627/1105
f 1058/1627/1106 1224/1968/1106 1163/1969/1106 1009/1633/1106
f 1224/1970/1107 1125/1841/1107 1246/1843/1107 1163/1971/1107
f 1162/1972/1108 1038/1838/1108 1125/1841/1108 1224/1970/1108
f 1009/1608/1109 1163/1973/1109 1225/1974/1109 1059/1609/1109
f 1059/1609/1110 1225/1974/1110 982/1975/1110 1247/1954/1110 1006/1616/1110
f 1163/1979/1112 1246/1827/1112 1244/1977/1112 1225/1976/1112
f 988/1578/1151 1208/1582/1151 986/1579/1151
f 1221/1950/1154 1160/1946/1154 1054/1805/1154 1251/1952/1154 1250/1951/1154
f 1039/1574/1155 1133/1807/1155 999/1584/1155 983/1575/1155
f 1267/1826/1159 1266/1825/1159 997/2047/1159
f 1269/2048/1160 1270/2049/1160 975/1570/1160 981/1573/1160
f 1276/1576/1161 1223/1965/1161 1269/2048/1161 981/1573/1161
f 1268/1564/1162 1248/2050/1162 1128/2051/1162 1267/2052/1162 997/1561/1162
f 976/1586/1165 1211/1556/1165 988/1555/1165
f 1266/1822/1169 1126/1562/1169 997/1561/1169
f 1203/1798/1192 1122/1800/1192 1205/1804/1192 698/1212/1192 697/1548/1192 1204/1803/1192 1123/1799/1192
f 1220/1947/1193 1160/1946/1193 1221/1950/1193 776/1549/1193 777/1391/1193 1222/1953/1193 1159/1948/1193
usemtl Material.008
f 1295/2095/1194 1296/2096/1194 1298/2097/1194 1297/2098/1194
f 1303/2099/1195 1301/2100/1195 1350/2100/1195 1351/2099/1195
f 1299/2101/1196 1300/2102/1196 1302/2103/1196 1301/2100/1196
f 1306/2104/1197 1308/2105/1197 1356/2105/1197 1353/2104/1197
f 1303/2099/1198 1304/2106/1198 1306/2104/1198 1305/2107/1198
f 1296/2096/1199 1295/2095/1199 1343/2095/1199 1344/2096/1199
f 1307/2108/1200 1308/2105/1200 1310/2109/1200 1309/2110/1200
f 1312/2111/1201 1311/2112/1201 1359/2112/1201 1360/2111/1201
f 1311/2112/1202 1312/2111/1202 1314/2113/1202 1313/2114/1202
f 1301/2100/1203 1302/2103/1203 1349/2103/1203 1350/2100/1203
f 1312/2111/1204 1310/2109/1204 1326/2109/1204 1327/2111/1204
f 1315/2115/1205 1316/2116/1205 1318/2117/1205 1317/2118/1205
f 1307/2108/1206 1305/2107/1206 1354/2107/1206 1355/2108/1206
f 1299/2101/1207 1301/2100/1207 1334/2100/1207 1333/2101/1207
f 1332/2098/1208 1333/2101/1208 1321/2102/1208 1319/2097/1208
f 1310/2109/1204 1308/2105/1204 1325/2105/1204 1326/2109/1204
f 1308/2105/1204 1306/2104/1204 1324/2104/1204 1325/2105/1204
f 1306/2104/1204 1304/2106/1204 1323/2106/1204 1324/2104/1204
f 1304/2106/1204 1302/2103/1204 1322/2103/1204 1323/2106/1204
f 1296/2119/1204 1318/2117/1204 1330/2117/1204 1320/2119/1204
f 1298/2097/1204 1296/2096/1204 1320/2096/1204 1319/2097/1204
f 1302/2103/1204 1300/2102/1204 1321/2102/1204 1322/2103/1204
f 1318/2117/1204 1316/2116/1204 1329/2116/1204 1330/2117/1204
f 1300/2102/1204 1298/2097/1204 1319/2097/1204 1321/2102/1204
f 1316/2116/1204 1314/2113/1204 1328/2113/1204 1329/2116/1204
f 1314/2113/1204 1312/2111/1204 1327/2111/1204 1328/2113/1204
f 1333/2101/1202 1334/2100/1202 1322/2103/1202 1321/2102/1202
f 1315/2115/1207 1317/2118/1207 1342/2118/1207 1341/2115/1207
f 1297/2098/1207 1299/2101/1207 1333/2101/1207 1332/2098/1207
f 1313/2114/1207 1315/2115/1207 1341/2115/1207 1340/2114/1207
f 1311/2112/1207 1313/2114/1207 1340/2114/1207 1339/2112/1207
f 1309/2110/1207 1311/2112/1207 1339/2112/1207 1338/2110/1207
f 1307/2108/1207 1309/2110/1207 1338/2110/1207 1337/2108/1207
f 1305/2107/1207 1307/2108/1207 1337/2108/1207 1336/2107/1207
f 1303/2099/1207 1305/2107/1207 1336/2107/1207 1335/2099/1207
f 1301/2100/1207 1303/2099/1207 1335/2099/1207 1334/2100/1207
f 1317/2118/1207 1295/2120/1207 1331/2120/1207 1342/2118/1207
f 1295/2095/1207 1297/2098/1207 1332/2098/1207 1331/2095/1207
f 1334/2100/1209 1335/2099/1209 1323/2106/1209 1322/2103/1209
f 1335/2099/1205 1336/2107/1205 1324/2104/1205 1323/2106/1205
f 1336/2107/1210 1337/2108/1210 1325/2105/1210 1324/2104/1210
f 1337/2108/1194 1338/2110/1194 1326/2109/1194 1325/2105/1194
f 1338/2110/1211 1339/2112/1211 1327/2111/1211 1326/2109/1211
f 1339/2112/1196 1340/2114/1196 1328/2113/1196 1327/2111/1196
f 1340/2114/1212 1341/2115/1212 1329/2116/1212 1328/2113/1212
f 1341/2115/1198 1342/2118/1198 1330/2117/1198 1329/2116/1198
f 1342/2118/1213 1331/2120/1213 1320/2119/1213 1330/2117/1213
f 1331/2095/1200 1332/2098/1200 1319/2097/1200 1320/2096/1200
f 1346/2098/1211 1345/2097/1211 1348/2102/1211 1347/2101/1211
f 1350/2100/1212 1349/2103/1212 1352/2106/1212 1351/2099/1212
f 1354/2107/1213 1353/2104/1213 1356/2105/1213 1355/2108/1213
f 1358/2110/1208 1357/2109/1208 1360/2111/1208 1359/2112/1208
f 1362/2114/1209 1361/2113/1209 1364/2116/1209 1363/2115/1209
f 1366/2118/1210 1365/2117/1210 1344/2119/1210 1343/2120/1210
f 1297/2098/1214 1298/2097/1214 1345/2097/1214 1346/2098/1214
f 1308/2105/1215 1307/2108/1215 1355/2108/1215 1356/2105/1215
f 1317/2118/1216 1318/2117/1216 1365/2117/1216 1366/2118/1216
f 1302/2103/1217 1304/2106/1217 1352/2106/1217 1349/2103/1217
f 1299/2101/1218 1297/2098/1218 1346/2098/1218 1347/2101/1218
f 1295/2120/1219 1317/2118/1219 1366/2118/1219 1343/2120/1219
f 1304/2106/1220 1303/2099/1220 1351/2099/1220 1352/2106/1220
f 1313/2114/1221 1314/2113/1221 1361/2113/1221 1362/2114/1221
f 1298/2097/1222 1300/2102/1222 1348/2102/1222 1345/2097/1222
f 1318/2117/1223 1296/2119/1223 1344/2119/1223 1365/2117/1223
f 1315/2115/1224 1313/2114/1224 1362/2114/1224 1363/2115/1224
f 1300/2102/1225 1299/2101/1225 1347/2101/1225 1348/2102/1225
f 1309/2110/1226 1310/2109/1226 1357/2109/1226 1358/2110/1226
f 1314/2113/1227 1316/2116/1227 1364/2116/1227 1361/2113/1227
f 1311/2112/1228 1309/2110/1228 1358/2110/1228 1359/2112/1228
f 1305/2107/1229 1306/2104/1229 1353/2104/1229 1354/2107/1229
f 1316/2116/1230 1315/2115/1230 1363/2115/1230 1364/2116/1230
f 1310/2109/1231 1312/2111/1231 1360/2111/1231 1357/2109/1231
usemtl ojos_buho
f 1368/2121/1232 1367/2122/1232 1369/2123/1232 1370/2124/1232
f 1372/2121/1233 1374/2124/1233 1373/2123/1233 1371/2122/1233
l 590 926
l 902 865
l 952 927
l 604 943
l 903 904
l 948 895
l 951 900
l 590 1263
l 1240 1210
l 952 1264
l 993 1280
l 1241 904
l 948 1238
l 951 1239
